Sample_ID;sample_name;barcode;fwd_primer;pcr_tag;extract_tag;rat_no;rat_org;rat_name;material;sample_type;day_no;day;cage;dissection;sub_gr;feed;feed_name;treatment;feed_treat;feed_treat_day;materialdayrat;carmin;extract_batch;plate_location;Run;dna_conc;note;bw;cecum_weight;liver_weight;samplePFOS_ug;urinePFOS_ug;liverPFOS_mg;serumPFOS_ug;brainPFOS_ug;acetic;formic;propanoic;_2m_propanoic;butanoic;_3m_butanoic;pentanoic;_4m_pentanoic;hexanoic;heptanoic;transit_time;pH;pH_je_up;pH_je_low;pH_il;pH_ce
c2_F0R01;F0R01;AAGGAATCGTC;PBU_52;109;171;01;R01;R01;Feces;sample;0;d0;1;d08;LF1;LF;AIN-93G (D19090404);CTRL;LF_CTRL;0_LF_CTRL;F0R01;no;3;2E4;c2;45,8;;302,1;;;;;;;;;;;;;;;;;;405;;;;;
c3_C8R01;C8R01;TACCAAGATC;PBU_4;185;344;01;R01;R01;Cecum;sample;8;d08;1;d08;LF1;LF;AIN-93G (D19090404);CTRL;LF_CTRL;8_LF_CTRL;Ce8R01;yes;10;3A4;c3;45,8;;366;2,5123;16,135;0;0;0,00016135;0;;7,341875366;0,53680923;1,822263772;0,114584762;0,898720937;0,054977624;0,144049692;;;;833;8,76;7,28;7,57;7,81;8,76
c4_F8R01;F8R01;CCGGAGAATCGC;PBU_66;286;128;01;R01;R01;Feces;sample;8;d08;1;d08;LF1;LF;AIN-93G (D19090404);CTRL;LF_CTRL;8_LF_CTRL;F8R01;yes;2;4F6;c4;26,5;;366;2,5123;16,135;0;0;0,00016135;0;;;;;;;;;;;;833;;7,28;7,57;7,81;8,76
c4_Il8R01;Il8R01;TCTGGATGAC;PBU_16;266;384;01;R01;R01;Ileum;sample;8;d08;1;d08;LF1;LF;AIN-93G (D19090404);CTRL;LF_CTRL;8_LF_CTRL;Il8R01;yes;12;4B4;c4;1,19;;366;2,5123;16,135;;0;0,00016135;0;;;;;;;;;;;;833;7,81;7,28;7,57;7,81;8,76
c4_F0R02;F0R02;TCTTACACAC;PBU_32;299;138;02;R02;R02;Feces;sample;0;d0;1;d08;LF1;LF;AIN-93G (D19090404);CTRL;LF_CTRL;0_LF_CTRL;F0R02;no;2;4C8;c4;55;;298,4;;;;;;;;;;;;;;;;;;404;;;;;
c2_C8R02;C8R02;TACCAAGATC;PBU_4;105;363;02;R02;R02;Cecum;sample;8;d08;1;d08;LF1;LF;AIN-93G (D19090404);CTRL;LF_CTRL;8_LF_CTRL;Ce8R02;yes;11;2A4;c2;72;;365;1,7556;18,5009;0;0;0;0,001;;7,85520847;;2,207065618;0,106912203;1,307308145;0,059441549;0,206774224;;;;682;8,76;6,85;7,29;8,34;8,76
c2_F8R02;F8R02;CCGCAATCATC;PBU_78;127;164;02;R02;R02;Feces;sample;8;d08;1;d08;LF1;LF;AIN-93G (D19090404);CTRL;LF_CTRL;8_LF_CTRL;F8R02;yes;3;2G6;c2;85,8;;365;1,7556;18,5009;0;0;0;0,001;;;;;;;;;;;;682;;6,85;7,29;8,34;8,76
c4_Il8R02;Il8R02;TCCTAACATAAC;PBU_61;246;336;02;R02;R02;Ileum;sample;8;d08;1;d08;LF1;LF;AIN-93G (D19090404);CTRL;LF_CTRL;8_LF_CTRL;Il8R02;yes;10;4F1;c4;9,18;;365;1,7556;18,5009;;0;0;0,001;;;;;;;;;;;;682;8,34;6,85;7,29;8,34;8,76
c4_F0R03;F0R03;TCTAGAGGTC;PBU_15;258;196;03;R03;R03;Feces;sample;0;d0;2;d08;LF1;LF;AIN-93G (D19090404);CTRL;LF_CTRL;0_LF_CTRL;F0R03;no;4;4B3;c4;65,6;;254;;;;;;;;;;;;;;;;;;628;;;;;
c1_C8R03;C8R03;AAGGAATCGTC;PBU_52;29;349;03;R03;R03;Cecum;sample;8;d08;2;d08;LF1;LF;AIN-93G (D19090404);CTRL;LF_CTRL;8_LF_CTRL;Ce8R03;yes;11;1E4;c1;30,2;;325;1,1642;14,993;0,0004;0;0;0;0;5,14695722;;2,456181613;;0,753257143;;;;;;891;8,47;7,15;7;8,07;8,47
c4_F8R03;F8R03;CTGACCGAAC;PBU_10;313;132;03;R03;R03;Feces;sample;8;d08;2;d08;LF1;LF;AIN-93G (D19090404);CTRL;LF_CTRL;8_LF_CTRL;F8R03;yes;2;4A10;c4;14,2;;325;1,1642;14,993;0,6422;0;0;0;0;;;;;;;;;;;891;;7,15;7;8,07;8,47
c2_Il8R03;Il8R03;TTGGAGGCCAGC;PBU_56;141;372;03;R03;R03;Ileum;sample;8;d08;2;d08;LF1;LF;AIN-93G (D19090404);CTRL;LF_CTRL;8_LF_CTRL;Il8R03;yes;11;2E8;c2;13;;325;1,1642;14,993;;0;0;0;0;;;;;;;;;;;891;8,07;7,15;7;8,07;8,47
c1_F0R04;F0R04;TTCCGATAAC;PBU_8;57;182;04;R04;R04;Feces;sample;0;d0;2;d08;LF1;LF;AIN-93G (D19090404);CTRL;LF_CTRL;0_LF_CTRL;F0R04;no;4;1A8;c1;92,2;;261;;;;;;;;;;;;;;;;;;627;;;;;
c3_F8R04;F8R04;TCCTGGCACATC;PBU_77;199;117;04;R04;R04;Feces;sample;8;d08;2;d08;LF1;LF;AIN-93G (D19090404);CTRL;LF_CTRL;8_LF_CTRL;F8R04;yes;1;3G5;c3;21,7;;315;2,3888;13,0103;0;0;0,00065708;0;0;;;;;;;;;;;850;;7,2;7,04;7,75;
c2_Il8R04;Il8R04;TAAGCCATTGTC;PBU_51;101;310;04;R04;R04;Ileum;sample;8;d08;2;d08;LF1;LF;AIN-93G (D19090404);CTRL;LF_CTRL;8_LF_CTRL;Il8R04;yes;9;2E3;c2;66,4;;315;2,3888;13,0103;;0;0;0;0;;;;;;;;;;;850;7,75;7,2;7,04;7,75;
c2_F0R05;F0R05;CGAGGTTATC;PBU_30;123;143;05;R05;R05;Feces;sample;0;d0;3;d08;LF1;LF;AIN-93G (D19090404);CTRL;LF_CTRL;0_LF_CTRL;F0R05;no;2;2C6;c2;29;;239;;;;;;;;;;;;;;;;;;656;;;;;
c2_C8R05;C8R05;TTGGCATCTC;PBU_40;108;320;05;R05;R05;Cecum;sample;8;d08;3;d08;LF1;LF;AIN-93G (D19090404);CTRL;LF_CTRL;8_LF_CTRL;Ce8R05;yes;9;2D4;c2;26;;283;2,7476;13,1416;0;0;0,00065708;0,001;0;7,982689902;;2,054453639;;1,111057928;0,196319793;;;;;910;8,24;7,47;6,69;8,03;8,24
c4_F8R05;F8R05;CTGAGTTCCGAC;PBU_76;271;173;05;R05;R05;Feces;sample;8;d08;3;d08;LF1;LF;AIN-93G (D19090404);CTRL;LF_CTRL;8_LF_CTRL;F8R05;yes;4;4G4;c4;44,8;;283;2,7476;13,1416;0,0001;0;0;0,001;0;;;;;;;;;;;910;;7,47;6,69;8,03;8,24
c3_Il8R05;Il8R05;CGAAGGCCACAC;PBU_82;239;355;05;R05;R05;Ileum;sample;8;d08;3;d08;LF1;LF;AIN-93G (D19090404);CTRL;LF_CTRL;8_LF_CTRL;Il8R05;yes;11;3G10;c3;36,6;;283;2,7476;13,1416;;0;0,00065708;0,001;0;;;;;;;;;;;910;8,03;7,47;6,69;8,03;8,24
c1_F0R06;F0R06;CTAGGACATTC;PBU_88;32;170;06;R06;R06;Feces;sample;0;d0;3;d08;LF1;LF;AIN-93G (D19090404);CTRL;LF_CTRL;0_LF_CTRL;F0R06;no;3;1H4;c1;99,4;;293;;;;;;;;;;;;;;;;;;655;;;;;
c2_C8R06;C8R06;CGATCGGTTC;PBU_37;84;362;06;R06;R06;Cecum;sample;8;d08;3;d08;LF1;LF;AIN-93G (D19090404);CTRL;LF_CTRL;8_LF_CTRL;Ce8R06;yes;11;2D1;c2;34,4;;372;3,1226;18,2395;0;0;0;0;0;8,776675046;0,21769319;2,712627946;0,15528998;1,86365442;0,066751284;0,257124671;;;;669;8,62;6,83;7,66;8,44;8,62
c3_F8R06;F8R06;CTTGAGAATGTC;PBU_53;197;152;06;R06;R06;Feces;sample;8;d08;3;d08;LF1;LF;AIN-93G (D19090404);CTRL;LF_CTRL;8_LF_CTRL;F8R06;yes;3;3E5;c3;27,6;;372;3,1226;18,2395;0;0;;0;0;;;;;;;;;;;669;;6,83;7,66;8,44;8,62
c4_Il8R06;Il8R06;TCGAAGGCAGGC;PBU_86;256;309;06;R06;R06;Ileum;sample;8;d08;3;d08;LF1;LF;AIN-93G (D19090404);CTRL;LF_CTRL;8_LF_CTRL;Il8R06;yes;9;4H2;c4;43,6;;372;3,1226;18,2395;;0;0;0;0;;;;;;;;;;;669;8,44;6,83;7,66;8,44;8,62
c1_F0R07;F0R07;TCCGACAAGC;PBU_43;52;102;07;R07;R07;Feces;sample;0;d0;4;d21;LF2;LF;AIN-93G (D19090404);CTRL;LF_CTRL;0_LF_CTRL;F0R07;no;1;1D7;c1;28,5;;238;;;;;;;;;;;;;;;;;;565;;;;;
c3_F8R07;F8R07;CTTGGTTATTC;PBU_90;208;116;07;R07;R07;Feces;sample;8;d08;4;d21;LF2;LF;AIN-93G (D19090404);CTRL;LF_CTRL;8_LF_CTRL;F8R07;yes;1;3H6;c3;29;;426;;;0;0;;0;;;;;;;;;;;;993;;;;;
c2_F12R07;F12R07;TCGCAATTAC;PBU_21;146;296;07;R07;R07;Feces;sample;12;d12;4;d21;LF2;LF;AIN-93G (D19090404);CTRL;LF_CTRL;12_LF_CTRL;F12R07;no;8;2B9;c2;50;;456,8;;;0;;;;;;;;;;;;;;;;;;;;
c3_F16R07;F16R07;CCAGCCTCAAC;PBU_89;200;267;07;R07;R07;Feces;sample;16;d16;4;d21;LF2;LF;AIN-93G (D19090404);CTRL;LF_CTRL;16_LF_CTRL;F16R07;no;7;3H5;c3;71,2;;500,1;;;0,0028;0;;0,002;;;;;;;;;;;;;;;;;
c4_F20R07;F20R07;CAGAAGGAAC;PBU_5;273;215;07;R07;R07;Feces;sample;20;d20;4;d21;LF2;LF;AIN-93G (D19090404);CTRL;LF_CTRL;20_LF_CTRL;F20R07;no;5;4A5;c4;85;;;;;;;;;;;;;;;;;;;;478;;;;;
c3_C21R07;C21R07;AAGGAATCGTC;PBU_52;189;324;07;R07;R07;Cecum;sample;21;d21;4;d21;LF2;LF;AIN-93G (D19090404);CTRL;LF_CTRL;21_LF_CTRL;Ce21R07;yes;9;3E4;c3;71;;515,2;3,4528;23,443;0;0,0005;0,00023443;0,001;0;9,639725303;;2,685989892;0,142391207;1,728146087;0,061447497;0,294426623;;;;478;8,61;6,75;6,97;8,36;8,61
c4_F21R07;F21R07;CTTGAGAATGTC;PBU_53;277;278;07;R07;R07;Feces;sample;21;d21;4;d21;LF2;LF;AIN-93G (D19090404);CTRL;LF_CTRL;21_LF_CTRL;F21R07;yes;8;4E5;c4;63,2;;515,2;3,4528;23,443;0;0,0005;0,00023443;0,001;0;;;;;;;;;;;478;;6,75;6,97;8,36;8,61
c3_Il21R07;Il21R07;TTGGCTGGAC;PBU_42;204;378;07;R07;R07;Ileum;sample;21;d21;4;d21;LF2;LF;AIN-93G (D19090404);CTRL;LF_CTRL;21_LF_CTRL;Il21R07;yes;12;3D6;c3;8,24;;515,2;3,4528;23,443;;0,0005;0,00023443;0,001;0;;;;;;;;;;;478;8,36;6,75;6,97;8,36;8,61
c1_F0R08;F0R08;TTCGTGATTC;PBU_7;49;141;08;R08;R08;Feces;sample;0;d0;4;d21;LF2;LF;AIN-93G (D19090404);CTRL;LF_CTRL;0_LF_CTRL;F0R08;no;2;1A7;c1;27,5;;287;;;;;;;;;;;;;;;;;;563;;;;;
c4_F8R08;F8R08;TTCAATTGGC;PBU_34;315;112;08;R08;R08;Feces;sample;8;d08;4;d21;LF2;LF;AIN-93G (D19090404);CTRL;LF_CTRL;8_LF_CTRL;F8R08;yes;1;4C10;c4;87,4;;346;;;0,0003;0;;0;;;;;;;;;;;;737;;;;;
c3_F12R08;F12R08;CGGACAGATC;PBU_44;220;291;08;R08;R08;Feces;sample;12;d12;4;d21;LF2;LF;AIN-93G (D19090404);CTRL;LF_CTRL;12_LF_CTRL;F12R08;no;8;3D8;c3;51,6;;372,3;;;0,0001;;;;;;;;;;;;;;;;;;;;
c1_F16R08;F16R08;CCGCATGGAAC;PBU_64;30;290;08;R08;R08;Feces;sample;16;d16;4;d21;LF2;LF;AIN-93G (D19090404);CTRL;LF_CTRL;16_LF_CTRL;F16R08;no;8;1F4;c1;52,8;;407,5;;;0;0;;0;;;;;;;;;;;;;;;;;
c4_F20R08;F20R08;TCGCATCGTTC;PBU_50;253;248;08;R08;R08;Feces;sample;20;d20;4;d21;LF2;LF;AIN-93G (D19090404);CTRL;LF_CTRL;20_LF_CTRL;F20R08;no;6;4E2;c4;83,6;;;;;;;;;;;;;;;;;;;;706;;;;;
c1_C21R08;C21R08;TCCTGAATCTC;PBU_92;64;301;08;R08;R08;Cecum;sample;21;d21;4;d21;LF2;LF;AIN-93G (D19090404);CTRL;LF_CTRL;21_LF_CTRL;Ce21R08;yes;9;1H8;c1;44,8;;427,3;3,425;20,493;0;0,0004;0,00020493;0;0;9,078671059;;2,231854758;0,183397657;1,336831663;0,091758195;0,258824877;;;;706;8,74;6,77;6,91;8,35;8,74
c4_F21R08;F21R08;TTACAACCTC;PBU_26;251;289;08;R08;R08;Feces;sample;21;d21;4;d21;LF2;LF;AIN-93G (D19090404);CTRL;LF_CTRL;21_LF_CTRL;F21R08;yes;8;4C2;c4;42,4;;427,3;3,425;20,493;0,0001;0,0004;0,00020493;0;0;;;;;;;;;;;706;;6,77;6,91;8,35;8,74
c3_Il21R08;Il21R08;AAGAGGATTC;PBU_3;177;347;08;R08;R08;Ileum;sample;21;d21;4;d21;LF2;LF;AIN-93G (D19090404);CTRL;LF_CTRL;21_LF_CTRL;Il21R08;yes;10;3A3;c3;17,5;;427,3;3,425;20,493;;0,0004;0,00020493;0;0;;;;;;;;;;;706;8,35;6,77;6,91;8,35;8,74
c1_F0R09;F0R09;TCTTACACAC;PBU_32;59;185;09;R09;R09;Feces;sample;0;d0;5;d21;LF2;LF;AIN-93G (D19090404);CTRL;LF_CTRL;0_LF_CTRL;F0R09;no;4;1C8;c1;138;;283;;;;;;;;;;;;;;;;;;400;;;;;
c1_F8R09;F8R09;TCCTGGCACATC;PBU_77;39;194;09;R09;R09;Feces;sample;8;d08;5;d21;LF2;LF;AIN-93G (D19090404);CTRL;LF_CTRL;8_LF_CTRL;F8R09;yes;4;1G5;c1;48,8;;351;;;0,0006;0;;0;;;;;;;;;;;;991;;;;;
c1_F12R09;F12R09;CTGGCAATCCTC;PBU_65;38;261;09;R09;R09;Feces;sample;12;d12;5;d21;LF2;LF;AIN-93G (D19090404);CTRL;LF_CTRL;12_LF_CTRL;F12R09;no;7;1F5;c1;54;;371,2;;;0,0002;;;;;;;;;;;;;;;;;;;;
c4_F16R09;F16R09;CCGAACACTTC;PBU_91;296;260;09;R09;R09;Feces;sample;16;d16;5;d21;LF2;LF;AIN-93G (D19090404);CTRL;LF_CTRL;16_LF_CTRL;F16R09;no;7;4H7;c4;106,4;;403,7;;;0;0,0005;;0,001;;;;;;;;;;;;;;;;;
c2_F20R09;F20R09;TCCGACAAGC;PBU_43;132;252;09;R09;R09;Feces;sample;20;d20;5;d21;LF2;LF;AIN-93G (D19090404);CTRL;LF_CTRL;20_LF_CTRL;F20R09;no;7;2D7;c2;91,6;;;;;;;;;;;;;;;;;;;;438;;;;;
c3_C21R09;C21R09;CCGCAATCATC;PBU_78;207;340;09;R09;R09;Cecum;sample;21;d21;5;d21;LF2;LF;AIN-93G (D19090404);CTRL;LF_CTRL;21_LF_CTRL;Ce21R09;yes;10;3G6;c3;122,8;;427,8;3,499;18,314;0;0;0,00073256;0,002;0,012;8,897957891;;2,505350837;0,180535357;1,876992647;0,089813034;0,237540507;;;;438;8,76;6,36;7,43;7,99;8,76
c3_F21R09;F21R09;TCCGACAAGC;PBU_43;212;242;09;R09;R09;Feces;sample;21;d21;5;d21;LF2;LF;AIN-93G (D19090404);CTRL;LF_CTRL;21_LF_CTRL;F21R09;yes;6;3D7;c3;151,6;;427,8;3,499;18,314;0,0001;0;0,00073256;0,002;0,012;;;;;;;;;;;438;;6,36;7,43;7,99;8,76
c2_Il21R09;Il21R09;CTAACCACGGC;PBU_93;152;368;09;R09;R09;Ileum;sample;21;d21;5;d21;LF2;LF;AIN-93G (D19090404);CTRL;LF_CTRL;21_LF_CTRL;Il21R09;yes;11;2H9;c2;3,24;;427,8;3,499;18,314;;0;0,00073256;0,002;0,012;;;;;;;;;;;438;7,99;6,36;7,43;7,99;8,76
c4_F0R10;F0R10;CCAGCCTCAAC;PBU_89;280;192;10;R10;R10;Feces;sample;0;d0;5;d21;LF2;LF;AIN-93G (D19090404);CTRL;LF_CTRL;0_LF_CTRL;F0R10;no;4;4H5;c4;86,8;;298;;;;;;;;;;;;;;;;;;400;;;;;
c3_F8R10;F8R10;TCTAGAGGTC;PBU_15;178;131;10;R10;R10;Feces;sample;8;d08;5;d21;LF2;LF;AIN-93G (D19090404);CTRL;LF_CTRL;8_LF_CTRL;F8R10;yes;2;3B3;c3;27;;377;;;0;0;;0;;;;;;;;;;;;990;;;;;
c3_F12R10;F12R10;TCGACCACTC;PBU_29;195;202;10;R10;R10;Feces;sample;12;d12;5;d21;LF2;LF;AIN-93G (D19090404);CTRL;LF_CTRL;12_LF_CTRL;F12R10;no;5;3C5;c3;44,6;;405,2;;;0,0002;;;;;;;;;;;;;;;;;;;;
c4_F16R10;F16R10;TTCGAGACGC;PBU_22;314;268;10;R10;R10;Feces;sample;16;d16;5;d21;LF2;LF;AIN-93G (D19090404);CTRL;LF_CTRL;16_LF_CTRL;F16R10;no;7;4B10;c4;116,4;;445,8;;;0,0001;0;;0;;;;;;;;;;;;;;;;;
c2_F20R10;F20R10;AGCACGAATC;PBU_33;147;210;10;R10;R10;Feces;sample;20;d20;5;d21;LF2;LF;AIN-93G (D19090404);CTRL;LF_CTRL;20_LF_CTRL;F20R10;no;5;2C9;c2;102,8;;;;;;;;;;;;;;;;;;;;428;;;;;
c3_C21R10;C21R10;TCGCAATTAC;PBU_21;226;370;10;R10;R10;Cecum;sample;21;d21;5;d21;LF2;LF;AIN-93G (D19090404);CTRL;LF_CTRL;21_LF_CTRL;Ce21R10;yes;11;3B9;c3;156,4;;500,9;2,423;17,863;0,0014;0;0,00089315;0,002;0;8,474208231;;2,09487719;0,120493037;3,816145621;0,069922162;0,212714551;;0,010069279;;428;8,53;6,87;7,3;7,56;8,53
c2_F21R10;F21R10;CCTGGTTGTC;PBU_39;100;259;10;R10;R10;Feces;sample;21;d21;5;d21;LF2;LF;AIN-93G (D19090404);CTRL;LF_CTRL;21_LF_CTRL;F21R10;yes;7;2D3;c2;184;;500,9;2,423;17,863;0,0002;0;0,00089315;0,002;0;;;;;;;;;;;428;;6,87;7,3;7,56;8,53
c1_Il21R10;Il21R10;CGGACAATGGC;PBU_62;14;380;10;R10;R10;Ileum;sample;21;d21;5;d21;LF2;LF;AIN-93G (D19090404);CTRL;LF_CTRL;21_LF_CTRL;Il21R10;yes;12;1F2;c1;3,16;;500,9;2,423;17,863;;0;0,00089315;0,002;0;;;;;;;;;;;428;7,56;6,87;7,3;7,56;8,53
c4_F0R11;F0R11;CTAAGGTAAC;PBU_1;241;110;11;R11;R11;Feces;sample;0;d0;6;d21;LF2;LF;AIN-93G (D19090404);CTRL;LF_CTRL;0_LF_CTRL;F0R11;no;1;4A1;c4;22,7;;283;;;;;;;;;;;;;;;;;;721;;;;;
c3_F8R11;F8R11;TCCTAGAACAC;PBU_70;238;178;11;R11;R11;Feces;sample;8;d08;6;d21;LF2;LF;AIN-93G (D19090404);CTRL;LF_CTRL;8_LF_CTRL;F8R11;yes;4;3F10;c3;65,2;;350;;;0,002;0;;0;;;;;;;;;;;;844;;;;;
c3_F12R11;F12R11;CCTGGTTGTC;PBU_39;180;233;11;R11;R11;Feces;sample;12;d12;6;d21;LF2;LF;AIN-93G (D19090404);CTRL;LF_CTRL;12_LF_CTRL;F12R11;no;6;3D3;c3;76,6;;384,2;;;0;;;;;;;;;;;;;;;;;;;;
c3_F16R11;F16R11;TCTGGCAACGGC;PBU_69;230;283;11;R11;R11;Feces;sample;16;d16;6;d21;LF2;LF;AIN-93G (D19090404);CTRL;LF_CTRL;16_LF_CTRL;F16R11;no;8;3F9;c3;36,8;;413,5;;;0,0003;0;;0,002;;;;;;;;;;;;;;;;;
c3_F20R11;F20R11;TGGAGGACGGAC;PBU_54;205;295;11;R11;R11;Feces;sample;20;d20;6;d21;LF2;LF;AIN-93G (D19090404);CTRL;LF_CTRL;20_LF_CTRL;F20R11;no;8;3E6;c3;100;;;;;;;;;;;;;;;;;;;;683;;;;;
c2_C21R11;C21R11;CTGCAAGTTC;PBU_6;121;319;11;R11;R11;Cecum;sample;21;d21;6;d21;LF2;LF;AIN-93G (D19090404);CTRL;LF_CTRL;21_LF_CTRL;Ce21R11;yes;9;2A6;c2;86;;433,1;3,223;18,479;0;0;0,00332622;0,391;0,008;7,155427023;;2,220530993;0,174581534;1,204013778;0,095099852;0,21340815;;;;683;8,94;6,75;6,82;8,86;8,94
c4_F21R11;F21R11;TGAGCGGAAC;PBU_9;305;217;11;R11;R11;Feces;sample;21;d21;6;d21;LF2;LF;AIN-93G (D19090404);CTRL;LF_CTRL;21_LF_CTRL;F21R11;yes;5;4A9;c4;25;;433,1;3,223;18,479;0,0006;0;0,00332622;0,391;0,008;;;;;;;;;;;683;;6,75;6,82;8,86;8,94
c3_Il21R11;Il21R11;TTCCTGCTTCAC;PBU_74;175;352;11;R11;R11;Ileum;sample;21;d21;6;d21;LF2;LF;AIN-93G (D19090404);CTRL;LF_CTRL;21_LF_CTRL;Il21R11;yes;11;3G2;c3;2;;433,1;3,223;18,479;;0;0,00332622;0,391;0,008;;;;;;;;;;;683;8,86;6,75;6,82;8,86;8,94
c1_F0R12;F0R12;TTACAACCTC;PBU_26;11;140;12;R12;R12;Feces;sample;0;d0;6;d21;LF2;LF;AIN-93G (D19090404);CTRL;LF_CTRL;0_LF_CTRL;F0R12;no;2;1C2;c1;27;;263;;;;;;;;;;;;;;;;;;720;;;;;
c1_F8R12;F8R12;CGAGGTTATC;PBU_30;43;108;12;R12;R12;Feces;sample;8;d08;6;d21;LF2;LF;AIN-93G (D19090404);CTRL;LF_CTRL;8_LF_CTRL;F8R12;yes;1;1C6;c1;28,5;;338;;;0,0003;0;;0;;;;;;;;;;;;823;;;;;
c4_F12R12;F12R12;TCAGTCCGAAC;PBU_58;317;208;12;R12;R12;Feces;sample;12;d12;6;d21;LF2;LF;AIN-93G (D19090404);CTRL;LF_CTRL;12_LF_CTRL;F12R12;no;5;4E10;c4;36,8;;371,4;;;0,0001;;;;;;;;;;;;;;;;;;;;
c3_F16R12;F16R12;TCCAAGCTGC;PBU_31;211;230;12;R12;R12;Feces;sample;16;d16;6;d21;LF2;LF;AIN-93G (D19090404);CTRL;LF_CTRL;16_LF_CTRL;F16R12;no;6;3C7;c3;79;;404,4;;;0,0004;0;;0;;;;;;;;;;;;;;;;;
c3_F20R12;F20R12;CCGGAGAATCGC;PBU_66;206;272;12;R12;R12;Feces;sample;20;d20;6;d21;LF2;LF;AIN-93G (D19090404);CTRL;LF_CTRL;20_LF_CTRL;F20R12;no;7;3F6;c3;86,8;;;;;;;;;;;;;;;;;;;;742;;;;;
c1_C21R12;C21R12;TCGACCACTC;PBU_29;35;343;12;R12;R12;Cecum;sample;21;d21;6;d21;LF2;LF;AIN-93G (D19090404);CTRL;LF_CTRL;21_LF_CTRL;Ce21R12;yes;10;1C5;c1;86,2;;434,2;2,578;16,88;0;0;0,0010128;0,002;0,04;7,61689551;0,64565073;1,597213313;0,206958486;1,914183437;0,100049621;0,248923442;;;;742;8,68;6,18;5,95;8,34;8,68
c3_F21R12;F21R12;AGGCAATTGC;PBU_18;202;271;12;R12;R12;Feces;sample;21;d21;6;d21;LF2;LF;AIN-93G (D19090404);CTRL;LF_CTRL;21_LF_CTRL;F21R12;yes;7;3B6;c3;48;;434,2;2,578;16,88;0;0;0,0010128;0,002;0,04;;;;;;;;;;;742;;6,18;5,95;8,34;8,68
c4_Il21R12;Il21R12;TCGACCACTC;PBU_29;275;389;12;R12;R12;Ileum;sample;21;d21;6;d21;LF2;LF;AIN-93G (D19090404);CTRL;LF_CTRL;21_LF_CTRL;Il21R12;yes;12;4C5;c4;3,12;;434,2;2,578;16,88;;0;0,0010128;0,002;0,04;;;;;;;;;;;742;8,34;6,18;5,95;8,34;8,68
c2_F0R13;F0R13;CGGAAGGATGC;PBU_94;160;150;13;R13;R13;Feces;sample;0;d0;7;d08;LF3;LF;AIN-93G (D19090404);PFOS;LF_PFOS;0_LF_PFOS;F0R13;no;3;2H10;c2;106;;300;;;;;;;;;;;;;;;;;;684;;;;;
c4_C8R13;C8R13;CCGCAATCATC;PBU_78;287;323;13;R13;R13;Cecum;sample;8;d08;7;d08;LF3;LF;AIN-93G (D19090404);PFOS;LF_PFOS;8_LF_PFOS;Ce8R13;yes;9;4G6;c4;58,2;;373;2,4841;17,9066;0,844;0,8016;2,791997072;66,736;;9,667621767;0,583726202;1,560367468;0,074828658;1,553883686;;0,160037367;;;;853;8,34;7,61;7,35;8,25;8,34
c3_F8R13;F8R13;TTGAGCCTATTC;PBU_63;182;120;13;R13;R13;Feces;sample;8;d08;7;d08;LF3;LF;AIN-93G (D19090404);PFOS;LF_PFOS;8_LF_PFOS;F8R13;yes;1;3F3;c3;26,5;;373;2,4841;17,9066;1,089;0,8016;2,791997072;66,736;;;;;;;;;;;;853;;7,61;7,35;8,25;8,34
c3_Il8R13;Il8R13;TTCCTACCAGTC;PBU_79;215;388;13;R13;R13;Ileum;sample;8;d08;7;d08;LF3;LF;AIN-93G (D19090404);PFOS;LF_PFOS;8_LF_PFOS;Il8R13;yes;12;3G7;c3;1,93;;373;2,4841;17,9066;;0,8016;2,791997072;66,736;;;;;;;;;;;;853;8,25;7,61;7,35;8,25;8,34
c1_F0R14;F0R14;AAGAGGATTC;PBU_3;17;145;14;R14;R14;Feces;sample;0;d0;7;d08;LF3;LF;AIN-93G (D19090404);PFOS;LF_PFOS;0_LF_PFOS;F0R14;no;2;1A3;c1;116;;323;;;;;;;;;;;;;;;;;;684;;;;;
c3_C8R14;C8R14;TTCGAGACGC;PBU_22;234;311;14;R14;R14;Cecum;sample;8;d08;7;d08;LF3;LF;AIN-93G (D19090404);PFOS;LF_PFOS;8_LF_PFOS;Ce8R14;yes;9;3B10;c3;73,2;;390;1,9871;20,959;0,765;0,2488;3,91011104;53,872;4,144;9,115616759;0,312224486;2,06210569;0,116773113;1,272402892;0,045396199;0,236240095;0,210052382;;;792;8,26;7;7,44;6,79;8,26
c3_F8R14;F8R14;TCGCATCGTTC;PBU_50;173;179;14;R14;R14;Feces;sample;8;d08;7;d08;LF3;LF;AIN-93G (D19090404);PFOS;LF_PFOS;8_LF_PFOS;F8R14;yes;4;3E2;c3;53,2;;390;1,9871;20,959;1,888;0,2488;3,91011104;53,872;4,144;;;;;;;;;;;792;;7;7,44;6,79;8,26
c1_Il8R14;Il8R14;AACCATCCGC;PBU_27;19;331;14;R14;R14;Ileum;sample;8;d08;7;d08;LF3;LF;AIN-93G (D19090404);PFOS;LF_PFOS;8_LF_PFOS;Il8R14;yes;10;1C3;c1;4,62;;390;1,9871;20,959;;0,2488;3,91011104;53,872;4,144;;;;;;;;;;;792;6,79;7;7,44;6,79;8,26
c1_F0R15;F0R15;TTGGCTGGAC;PBU_42;44;172;15;R15;R15;Feces;sample;0;d0;8;d08;LF3;LF;AIN-93G (D19090404);PFOS;LF_PFOS;0_LF_PFOS;F0R15;no;3;1D6;c1;126,4;;267;;;;;;;;;;;;;;;;;;426;;;;;
c3_C8R15;C8R15;TCTAACGGAC;PBU_13;162;315;15;R15;R15;Cecum;sample;8;d08;8;d08;LF3;LF;AIN-93G (D19090404);PFOS;LF_PFOS;8_LF_PFOS;Ce8R15;yes;9;3B1;c3;29;;341;2,2681;16,7122;0,903;0,5672;2,926640464;56,24;4,544;4,641313065;;1,798856131;0,119521445;1,313741712;;0,136255841;;;;951;8,74;7,35;7,18;7,88;8,74
c4_F8R15;F8R15;CGGACAATGGC;PBU_62;254;113;15;R15;R15;Feces;sample;8;d08;8;d08;LF3;LF;AIN-93G (D19090404);PFOS;LF_PFOS;8_LF_PFOS;F8R15;yes;1;4F2;c4;28,5;;341;2,2681;16,7122;2,179;0,5672;2,926640464;56,24;4,544;;;;;;;;;;;951;;7,35;7,18;7,88;8,74
c1_Il8R15;Il8R15;CTTGGTTATTC;PBU_90;48;313;15;R15;R15;Ileum;sample;8;d08;8;d08;LF3;LF;AIN-93G (D19090404);PFOS;LF_PFOS;8_LF_PFOS;Il8R15;yes;9;1H6;c1;4,13;;341;2,2681;16,7122;;0,5672;2,926640464;56,24;4,544;;;;;;;;;;;951;7,88;7,35;7,18;7,88;8,74
c3_F0R16;F0R16;TGAGGCTCCGAC;PBU_81;231;162;16;R16;R16;Feces;sample;0;d0;8;d08;LF3;LF;AIN-93G (D19090404);PFOS;LF_PFOS;0_LF_PFOS;F0R16;no;3;3G9;c3;88,4;;245;;;;;;;;;;;;;;;;;;425;;;;;
c1_C8R16;C8R16;CTGCAAGTTC;PBU_6;41;312;16;R16;R16;Cecum;sample;8;d08;8;d08;LF3;LF;AIN-93G (D19090404);PFOS;LF_PFOS;8_LF_PFOS;Ce8R16;yes;9;1A6;c1;98;;299;2,377;15,0961;0,975;0,7456;2,577206192;64,672;3,96;6,693079943;;2,453033699;0,130239053;1,286400577;0,073027831;0,18270472;;;;700;8,38;7,32;7,48;7,72;8,38
c2_F8R16;F8R16;ATCCGGAATC;PBU_28;107;180;16;R16;R16;Feces;sample;8;d08;8;d08;LF3;LF;AIN-93G (D19090404);PFOS;LF_PFOS;8_LF_PFOS;F8R16;yes;4;2C4;c2;108,8;;299;2,377;15,0961;1,601;0,7456;2,577206192;64,672;3,96;;;;;;;;;;;700;;7,32;7,48;7,72;8,38
c3_Il8R16;Il8R16;CCGCATGGAAC;PBU_64;190;338;16;R16;R16;Ileum;sample;8;d08;8;d08;LF3;LF;AIN-93G (D19090404);PFOS;LF_PFOS;8_LF_PFOS;Il8R16;yes;10;3F4;c3;0,38;;299;2,377;15,0961;;0,7456;2,577206192;64,672;3,96;;;;;;;;;;;700;7,72;7,32;7,48;7,72;8,38
c2_F0R17;F0R17;AACCATCCGC;PBU_27;99;166;17;R17;R17;Feces;sample;0;d0;9;d08;LF3;LF;AIN-93G (D19090404);PFOS;LF_PFOS;0_LF_PFOS;F0R17;no;3;2C3;c2;120;;271;;;;;;;;;;;;;;;;;;526;;;;;
c4_C8R17;C8R17;TGGAGCTTCCTC;PBU_57;309;318;17;R17;R17;Cecum;sample;8;d08;9;d08;LF3;LF;AIN-93G (D19090404);PFOS;LF_PFOS;8_LF_PFOS;Ce8R17;yes;9;4E9;c4;26;;322;2,59;16,5506;1,025;0,754;2,90628536;57,28;3,712;8,877979949;;2,23042556;0,138003126;1,316929749;;0,206080628;;;;983;7,87;7,23;6,67;8,06;7,87
c1_F8R17;F8R17;TCTGGCAACGGC;PBU_69;70;147;17;R17;R17;Feces;sample;8;d08;9;d08;LF3;LF;AIN-93G (D19090404);PFOS;LF_PFOS;8_LF_PFOS;F8R17;yes;2;1F9;c1;48,8;;322;2,59;16,5506;1,688;0,754;2,90628536;57,28;3,712;;;;;;;;;;;983;;7,23;6,67;8,06;7,87
c4_Il8R17;Il8R17;TCCTAGAACAC;PBU_70;318;316;17;R17;R17;Ileum;sample;8;d08;9;d08;LF3;LF;AIN-93G (D19090404);PFOS;LF_PFOS;8_LF_PFOS;Il8R17;yes;9;4F10;c4;0,178;;322;2,59;16,5506;;0,754;2,90628536;57,28;3,712;;;;;;;;;;;983;8,06;7,23;6,67;8,06;7,87
c2_F0R18;F0R18;TCGAAGGCAGGC;PBU_86;96;193;18;R18;R18;Feces;sample;0;d0;9;d08;LF3;LF;AIN-93G (D19090404);PFOS;LF_PFOS;0_LF_PFOS;F0R18;no;4;2H2;c2;94,4;;332;;;;;;;;;;;;;;;;;;525;;;;;
c4_C8R18;C8R18;AGCACGAATC;PBU_33;307;375;18;R18;R18;Cecum;sample;8;d08;9;d08;LF3;LF;AIN-93G (D19090404);PFOS;LF_PFOS;8_LF_PFOS;Ce8R18;yes;12;4C9;c4;37,8;;423;3,1076;24,1662;0,93;0,9308;3,777660384;61,424;3,056;8,862873279;0,505308397;1,5964168;0,192648654;1,224777937;;0,1989546;;;;637;8,56;6,9;7,15;8,58;8,56
c1_F8R18;F8R18;TCCACCTCCTC;PBU_67;54;191;18;R18;R18;Feces;sample;8;d08;9;d08;LF3;LF;AIN-93G (D19090404);PFOS;LF_PFOS;8_LF_PFOS;F8R18;yes;4;1F7;c1;36,8;;423;3,1076;24,1662;1,571;0,9308;3,777660384;61,424;3,056;;;;;;;;;;;637;;6,9;7,15;8,58;8,56
c2_Il8R18;Il8R18;TGAGGCTCCGAC;PBU_81;151;304;18;R18;R18;Ileum;sample;8;d08;9;d08;LF3;LF;AIN-93G (D19090404);PFOS;LF_PFOS;8_LF_PFOS;Il8R18;yes;9;2G9;c2;0,5;;423;3,1076;24,1662;;0,9308;3,777660384;61,424;3,056;;;;;;;;;;;637;8,58;6,9;7,15;8,58;8,56
c2_F0R19;F0R19;TCCACCTCCTC;PBU_67;134;125;19;R19;R19;Feces;sample;0;d0;10;d21;LF4;LF;AIN-93G (D19090404);PFOS;LF_PFOS;0_LF_PFOS;F0R19;no;2;2F7;c2;50,4;;274;;;;;;;;;;;;;;;;;;616;;;;;
c3_F8R19;F8R19;CAGAAGGAAC;PBU_5;193;122;19;R19;R19;Feces;sample;8;d08;10;d21;LF4;LF;AIN-93G (D19090404);PFOS;LF_PFOS;8_LF_PFOS;F8R19;yes;1;3A5;c3;22,8;;344;;;1,857;;;56,912;;;;;;;;;;;;817;;;;;
c1_F12R19;F12R19;CCGAACACTTC;PBU_91;56;286;19;R19;R19;Feces;sample;12;d12;10;d21;LF4;LF;AIN-93G (D19090404);PFOS;LF_PFOS;12_LF_PFOS;F12R19;no;8;1H7;c1;42,8;;361,2;;;0,864;;;;;;;;;;;;;;;;;;;;
c2_F16R19;F16R19;TCGACCACTC;PBU_29;115;223;19;R19;R19;Feces;sample;16;d16;10;d21;LF4;LF;AIN-93G (D19090404);PFOS;LF_PFOS;16_LF_PFOS;F16R19;no;5;2C5;c2;78,8;;397,4;;;1,2;2,2412;;87,584;;;;;;;;;;;;;;;;;
c2_F20R19;F20R19;CTGGCAATCCTC;PBU_65;118;219;19;R19;R19;Feces;sample;20;d20;10;d21;LF4;LF;AIN-93G (D19090404);PFOS;LF_PFOS;20_LF_PFOS;F20R19;no;5;2F5;c2;53,6;;;;;;;;;;;;;;;;;;;;698;;;;;
c2_C21R19;C21R19;CTTCCATAAC;PBU_41;116;321;19;R19;R19;Cecum;sample;21;d21;10;d21;LF4;LF;AIN-93G (D19090404);PFOS;LF_PFOS;21_LF_PFOS;Ce21R19;yes;9;2D5;c2;88,6;;402,8;3,4303;19,794;0,74;0,3528;2,80599744;42,24;2,544;7,951608772;0,8993531;1,830430297;0,139775632;2,186128342;0,061983538;0,233893034;;;;698;8,7;6,42;7,2;8,09;8,7
c1_F21R19;F21R19;TTCTCATTGAAC;PBU_49;5;216;19;R19;R19;Feces;sample;21;d21;10;d21;LF4;LF;AIN-93G (D19090404);PFOS;LF_PFOS;21_LF_PFOS;F21R19;yes;5;1E1;c1;78,2;;402,8;3,4303;19,794;1,056;0,3528;2,80599744;42,24;2,544;;;;;;;;;;;698;;6,42;7,2;8,09;8,7
c4_Il21R19;Il21R19;TAACAATCGGC;PBU_46;316;353;19;R19;R19;Ileum;sample;21;d21;10;d21;LF4;LF;AIN-93G (D19090404);PFOS;LF_PFOS;21_LF_PFOS;Il21R19;yes;11;4D10;c4;7,18;;402,8;3,4303;19,794;;0,3528;2,80599744;42,24;2,544;;;;;;;;;;;698;8,09;6,42;7,2;8,09;8,7
c2_F0R20;F0R20;TCTGGATGAC;PBU_16;106;130;20;R20;R20;Feces;sample;0;d0;10;d21;LF4;LF;AIN-93G (D19090404);PFOS;LF_PFOS;0_LF_PFOS;F0R20;no;2;2B4;c2;75,4;;282;;;;;;;;;;;;;;;;;;616;;;;;
c2_F8R20;F8R20;CTTGAGAATGTC;PBU_53;117;149;20;R20;R20;Feces;sample;8;d08;10;d21;LF4;LF;AIN-93G (D19090404);PFOS;LF_PFOS;8_LF_PFOS;F8R20;yes;3;2E5;c2;71;;357;;;1,369;0,654;;55,504;;;;;;;;;;;;801;;;;;
c3_F12R20;F12R20;TTCCGATAAC;PBU_8;217;282;20;R20;R20;Feces;sample;12;d12;10;d21;LF4;LF;AIN-93G (D19090404);PFOS;LF_PFOS;12_LF_PFOS;F12R20;no;8;3A8;c3;47,2;;383,1;;;1,527;;;;;;;;;;;;;;;;;;;;
c1_F16R20;F16R20;TCCAAGCTGC;PBU_31;51;263;20;R20;R20;Feces;sample;16;d16;10;d21;LF4;LF;AIN-93G (D19090404);PFOS;LF_PFOS;16_LF_PFOS;F16R20;no;7;1C7;c1;76,8;;420,8;;;1,198;0,9072;;48,848;;;;;;;;;;;;;;;;;
c1_F20R20;F20R20;CTGAGTTCCGAC;PBU_76;31;280;20;R20;R20;Feces;sample;20;d20;10;d21;LF4;LF;AIN-93G (D19090404);PFOS;LF_PFOS;20_LF_PFOS;F20R20;no;8;1G4;c1;86;;;;;;;;;;;;;;;;;;;;648;;;;;
c2_C21R20;C21R20;CCTTAGAGTTC;PBU_75;103;391;20;R20;R20;Cecum;sample;21;d21;10;d21;LF4;LF;AIN-93G (D19090404);PFOS;LF_PFOS;21_LF_PFOS;Ce21R20;yes;12;2G3;c2;63,6;;442,1;2,5696;19,711;0,881;0,1524;3,00553328;38,88;1,464;4,896264366;0,283288281;1,861296944;0,188288028;1,028251999;0,109074443;0,19827676;;;;648;9,09;6,8;6,93;7,95;9,09
c2_F21R20;F21R20;AGGCAATTGC;PBU_18;122;241;20;R20;R20;Feces;sample;21;d21;10;d21;LF4;LF;AIN-93G (D19090404);PFOS;LF_PFOS;21_LF_PFOS;F21R20;yes;6;2B6;c2;20,6;;442,1;2,5696;19,711;1,179;0,1524;3,00553328;38,88;1,464;;;;;;;;;;;648;;6,8;6,93;7,95;9,09
c1_Il21R20;Il21R20;CGATCGGTTC;PBU_37;4;325;20;R20;R20;Ileum;sample;21;d21;10;d21;LF4;LF;AIN-93G (D19090404);PFOS;LF_PFOS;21_LF_PFOS;Il21R20;yes;10;1D1;c1;41,6;;442,1;2,5696;19,711;;0,1524;3,00553328;38,88;1,464;;;;;;;;;;;648;7,95;6,8;6,93;7,95;9,09
c3_F0R21;F0R21;CCTTAGAGTTC;PBU_75;183;104;21;R21;R21;Feces;sample;0;d0;11;d21;LF4;LF;AIN-93G (D19090404);PFOS;LF_PFOS;0_LF_PFOS;F0R21;no;1;3G3;c3;24,3;;278;;;;;;;;;;;;;;;;;;758;;;;;
c4_F8R21;F8R21;ATCCGGAATC;PBU_28;267;177;21;R21;R21;Feces;sample;8;d08;11;d21;LF4;LF;AIN-93G (D19090404);PFOS;LF_PFOS;8_LF_PFOS;F8R21;yes;4;4C4;c4;84;;342;;;1,359;0,7396;;51,488;;;;;;;;;;;;980;;;;;
c3_F12R21;F12R21;TTCGTGATTC;PBU_7;209;258;21;R21;R21;Feces;sample;12;d12;11;d21;LF4;LF;AIN-93G (D19090404);PFOS;LF_PFOS;12_LF_PFOS;F12R21;no;7;3A7;c3;70;;365,7;;;1,658;;;;;;;;;;;;;;;;;;;;
c1_F16R21;F16R21;CCAGCCTCAAC;PBU_89;40;240;21;R21;R21;Feces;sample;16;d16;11;d21;LF4;LF;AIN-93G (D19090404);PFOS;LF_PFOS;16_LF_PFOS;F16R21;no;6;1H5;c1;102;;390,6;;;1,101;1,6292;;48,64;;;;;;;;;;;;;;;;;
c4_F20R21;F20R21;TCTATTCGTC;PBU_17;274;256;21;R21;R21;Feces;sample;20;d20;11;d21;LF4;LF;AIN-93G (D19090404);PFOS;LF_PFOS;20_LF_PFOS;F20R21;no;7;4B5;c4;76;;;;;;;;;;;;;;;;;;;;759;;;;;
c4_C21R21;C21R21;TCCAAGCTGC;PBU_31;291;366;21;R21;R21;Cecum;sample;21;d21;11;d21;LF4;LF;AIN-93G (D19090404);PFOS;LF_PFOS;21_LF_PFOS;Ce21R21;yes;11;4C7;c4;96,4;;421,8;3,5863;16,698;0,526;0,1188;2,27359968;36,336;2,56;11,98567583;0,985968369;2,910975429;0,180717053;3,056939746;0,064346567;0,276704558;;;;759;8,21;7,02;7,54;7,97;8,21
c2_F21R21;F21R21;TCCTGGCACATC;PBU_77;119;287;21;R21;R21;Feces;sample;21;d21;11;d21;LF4;LF;AIN-93G (D19090404);PFOS;LF_PFOS;21_LF_PFOS;F21R21;yes;8;2G5;c2;52;;421,8;3,5863;16,698;1,025;0,1188;2,27359968;36,336;2,56;;;;;;;;;;;759;;7,02;7,54;7,97;8,21
c2_Il21R21;Il21R21;TTCCTACCAGTC;PBU_79;135;329;21;R21;R21;Ileum;sample;21;d21;11;d21;LF4;LF;AIN-93G (D19090404);PFOS;LF_PFOS;21_LF_PFOS;Il21R21;yes;10;2G7;c2;0,296;;421,8;3,5863;16,698;;0,1188;2,27359968;36,336;2,56;;;;;;;;;;;759;7,97;7,02;7,54;7,97;8,21
c4_F0R22;F0R22;CCTGCCATTCGC;PBU_87;264;176;22;R22;R22;Feces;sample;0;d0;11;d21;LF4;LF;AIN-93G (D19090404);PFOS;LF_PFOS;0_LF_PFOS;F0R22;no;4;4H3;c4;83,6;;294;;;;;;;;;;;;;;;;;;757;;;;;
c1_F8R22;F8R22;CGGACAGATC;PBU_44;60;154;22;R22;R22;Feces;sample;8;d08;11;d21;LF4;LF;AIN-93G (D19090404);PFOS;LF_PFOS;8_LF_PFOS;F8R22;yes;3;1D8;c1;91,6;;349;;;1,407;0,8236;;58,08;;;;;;;;;;;;744;;;;;
c3_F12R22;F12R22;TCAAGAAGTTC;PBU_80;223;239;22;R22;R22;Feces;sample;12;d12;11;d21;LF4;LF;AIN-93G (D19090404);PFOS;LF_PFOS;12_LF_PFOS;F12R22;no;6;3G8;c3;87,6;;381,7;;;1,084;;;;;;;;;;;;;;;;;;;;
c1_F16R22;F16R22;TCACTCGGATC;PBU_73;7;207;22;R22;R22;Feces;sample;16;d16;11;d21;LF4;LF;AIN-93G (D19090404);PFOS;LF_PFOS;16_LF_PFOS;F16R22;no;5;1G1;c1;40,8;;416,8;;;1,383;1,0604;;49,36;;;;;;;;;;;;;;;;;
c4_F20R22;F20R22;TTGAGCCTATTC;PBU_63;262;224;22;R22;R22;Feces;sample;20;d20;11;d21;LF4;LF;AIN-93G (D19090404);PFOS;LF_PFOS;20_LF_PFOS;F20R22;no;5;4F3;c4;50,8;;;;;;;;;;;;;;;;;;;;688;;;;;
c2_C21R22;C21R22;CGGACAATGGC;PBU_62;94;345;22;R22;R22;Cecum;sample;21;d21;11;d21;LF4;LF;AIN-93G (D19090404);PFOS;LF_PFOS;21_LF_PFOS;Ce21R22;yes;10;2F2;c2;64;;432,2;2,57;18,56;0,852;0,406;2,9131776;44,272;2,44;5,833129109;;1,868447505;0,122563973;1,414374651;0,058381178;0,179016742;;0,012402635;;688;8,52;6,89;7,38;7,38;8,52
c3_F21R22;F21R22;TCACTCGGATC;PBU_73;167;297;22;R22;R22;Feces;sample;21;d21;11;d21;LF4;LF;AIN-93G (D19090404);PFOS;LF_PFOS;21_LF_PFOS;F21R22;yes;8;3G1;c3;61,2;;432,2;2,57;18,56;1,234;0,406;2,9131776;44,272;2,44;;;;;;;;;;;688;;6,89;7,38;7,38;8,52
c1_Il21R22;Il21R22;CAGCATTAATTC;PBU_68;62;334;22;R22;R22;Ileum;sample;21;d21;11;d21;LF4;LF;AIN-93G (D19090404);PFOS;LF_PFOS;21_LF_PFOS;Il21R22;yes;10;1F8;c1;43,8;;432,2;2,57;18,56;;0,406;2,9131776;44,272;2,44;;;;;;;;;;;688;7,38;6,89;7,38;7,38;8,52
c3_F0R23;F0R23;TTGGAGGCCAGC;PBU_56;221;126;23;R23;R23;Feces;sample;0;d0;12;d21;LF4;LF;AIN-93G (D19090404);PFOS;LF_PFOS;0_LF_PFOS;F0R23;no;2;3E8;c3;67,2;;275;;;;;;;;;;;;;;;;;;522;;;;;
c3_F8R23;F8R23;CTAACCACGGC;PBU_93;232;121;23;R23;R23;Feces;sample;8;d08;12;d21;LF4;LF;AIN-93G (D19090404);PFOS;LF_PFOS;8_LF_PFOS;F8R23;yes;1;3H9;c3;24,6;;337;;;1,552;0,4096;;60,96;;;;;;;;;;;;923;;;;;
c2_F12R23;F12R23;AAGAGGATTC;PBU_3;97;218;23;R23;R23;Feces;sample;12;d12;12;d21;LF4;LF;AIN-93G (D19090404);PFOS;LF_PFOS;12_LF_PFOS;F12R23;no;5;2A3;c2;71,4;;364,4;;;1,739;;;;;;;;;;;;;;;;;;;;
c3_F16R23;F16R23;AGCACGAATC;PBU_33;227;204;23;R23;R23;Feces;sample;16;d16;12;d21;LF4;LF;AIN-93G (D19090404);PFOS;LF_PFOS;16_LF_PFOS;F16R23;no;5;3C9;c3;96,4;;400,9;;;1,78;0,3232;;53,632;;;;;;;;;;;;;;;;;
c4_F20R23;F20R23;TGAGGCTCCGAC;PBU_81;311;205;23;R23;R23;Feces;sample;20;d20;12;d21;LF4;LF;AIN-93G (D19090404);PFOS;LF_PFOS;20_LF_PFOS;F20R23;no;5;4G9;c4;74;;;;;;;;;;;;;;;;;;;;478;;;;;
c2_C21R23;C21R23;TTCCTGCTTCAC;PBU_74;95;360;23;R23;R23;Cecum;sample;21;d21;12;d21;LF4;LF;AIN-93G (D19090404);PFOS;LF_PFOS;21_LF_PFOS;Ce21R23;yes;11;2G2;c2;120;;442,1;2,631;16,238;0,866;0,248;2,35515952;51,104;2,912;9,654141666;0,377690479;2,418205269;0,221787894;1,871902006;0,081073913;0,301149333;;;;478;8,5;6,64;7,57;7,57;8,5
c1_F21R23;F21R23;TTCCTACCAGTC;PBU_79;55;228;23;R23;R23;Feces;sample;21;d21;12;d21;LF4;LF;AIN-93G (D19090404);PFOS;LF_PFOS;21_LF_PFOS;F21R23;yes;6;1G7;c1;44;;442,1;2,631;16,238;0,997;0,248;2,35515952;51,104;2,912;;;;;;;;;;;478;;6,64;7,57;7,57;8,5
c4_Il21R23;Il21R23;AAGAGGATTC;PBU_3;257;333;23;R23;R23;Ileum;sample;21;d21;12;d21;LF4;LF;AIN-93G (D19090404);PFOS;LF_PFOS;21_LF_PFOS;Il21R23;yes;10;4A3;c4;17,5;;442,1;2,631;16,238;;0,248;2,35515952;51,104;2,912;;;;;;;;;;;478;7,57;6,64;7,57;7,57;8,5
c1_F0R24;F0R24;AGGCAATTGC;PBU_18;42;151;24;R24;R24;Feces;sample;0;d0;12;d21;LF4;LF;AIN-93G (D19090404);PFOS;LF_PFOS;0_LF_PFOS;F0R24;no;3;1B6;c1;66,2;;246;;;;;;;;;;;;;;;;;;521;;;;;
c3_F8R24;F8R24;CGAGGTTATC;PBU_30;203;106;24;R24;R24;Feces;sample;8;d08;12;d21;LF4;LF;AIN-93G (D19090404);PFOS;LF_PFOS;8_LF_PFOS;F8R24;yes;1;3C6;c3;23,7;;306;;;1,779;2,3452;;57,6;;;;;;;;;;;;977;;;;;
c4_F12R24;F12R24;TTAAGCGGTC;PBU_45;308;264;24;R24;R24;Feces;sample;12;d12;12;d21;LF4;LF;AIN-93G (D19090404);PFOS;LF_PFOS;12_LF_PFOS;F12R24;no;7;4D9;c4;46,4;;328;;;1,198;;;;;;;;;;;;;;;;;;;;
c4_F16R24;F16R24;TTAGTCGGAC;PBU_19;290;249;24;R24;R24;Feces;sample;16;d16;12;d21;LF4;LF;AIN-93G (D19090404);PFOS;LF_PFOS;16_LF_PFOS;F16R24;no;7;4B7;c4;93,6;;352,3;;;1,855;0,9752;;44,336;;;;;;;;;;;;;;;;;
c2_F20R24;F20R24;TAAGGAGAAC;PBU_2;89;292;24;R24;R24;Feces;sample;20;d20;12;d21;LF4;LF;AIN-93G (D19090404);PFOS;LF_PFOS;20_LF_PFOS;F20R24;no;8;2A2;c2;110,8;;;;;;;;;;;;;;;;;;;;562;;;;;
c1_C21R24;C21R24;TTAAGCGGTC;PBU_45;68;337;24;R24;R24;Cecum;sample;21;d21;12;d21;LF4;LF;AIN-93G (D19090404);PFOS;LF_PFOS;21_LF_PFOS;Ce21R24;yes;10;1D9;c1;114;;380,2;2,809;15,378;0,59;0,2336;2,12585472;40,832;2,912;7,269042777;0,315891294;2,297550933;0,20146583;1,896500274;0,089134967;0,263994488;;;;562;8,57;6,32;6,97;7,89;8,57
c2_F21R24;F21R24;TGGAGCTTCCTC;PBU_57;149;270;24;R24;R24;Feces;sample;21;d21;12;d21;LF4;LF;AIN-93G (D19090404);PFOS;LF_PFOS;21_LF_PFOS;F21R24;yes;7;2E9;c2;157,6;;380,2;2,809;15,378;0,877;0,2336;2,12585472;40,832;2,912;;;;;;;;;;;562;;6,32;6,97;7,89;8,57
c1_Il21R24;Il21R24;TCTAGAGGTC;PBU_15;18;339;24;R24;R24;Ileum;sample;21;d21;12;d21;LF4;LF;AIN-93G (D19090404);PFOS;LF_PFOS;21_LF_PFOS;Il21R24;yes;10;1B3;c1;0,9;;380,2;2,809;15,378;;0,2336;2,12585472;40,832;2,912;;;;;;;;;;;562;7,89;6,32;6,97;7,89;8,57
c2_F0R25;F0R25;TCAGTCCGAAC;PBU_58;157;183;25;R25;R25;Feces;sample;0;d0;13;d08;HF1;HF;Altromin 1314;CTRL;HF_CTRL;0_HF_CTRL;F0R25;no;4;2E10;c2;95;;279;;;;;;;;;;;;;;;;;;690;;;;;
c3_C8R25;C8R25;TAAGCCATTGTC;PBU_51;181;303;25;R25;R25;Cecum;sample;8;d08;13;d08;HF1;HF;Altromin 1314;CTRL;HF_CTRL;8_HF_CTRL;Ce8R25;yes;9;3E3;c3;140;;331;5,6502;15,466;0;0;0,00015466;0,004;0;8,419373585;;2,92021042;0,06544546;5,222557686;0,054289225;0,175429591;;;;479;7,42;7,18;7,26;8,05;7,42
c4_F8R25;F8R25;CTGGCAATCCTC;PBU_65;278;159;25;R25;R25;Feces;sample;8;d08;13;d08;HF1;HF;Altromin 1314;CTRL;HF_CTRL;8_HF_CTRL;F8R25;yes;3;4F5;c4;196,8;;331;5,6502;15,466;0,0004;0;0,00015466;0,004;0;;;;;;;;;;;479;;7,18;7,26;8,05;7,42
c3_Il8R25;Il8R25;TTGGCATCTC;PBU_40;188;317;25;R25;R25;Ileum;sample;8;d08;13;d08;HF1;HF;Altromin 1314;CTRL;HF_CTRL;8_HF_CTRL;Il8R25;yes;9;3D4;c3;21,4;;331;5,6502;15,466;;0;0,00015466;0,004;0;;;;;;;;;;;479;8,05;7,18;7,26;8,05;7,42
c3_F0R26;F0R26;CTAGGACATTC;PBU_88;192;124;26;R26;R26;Feces;sample;0;d0;13;d08;HF1;HF;Altromin 1314;CTRL;HF_CTRL;0_HF_CTRL;F0R26;no;1;3H4;c3;50,2;;326;;;;;;;;;;;;;;;;;;689;;;;;
c4_C8R26;C8R26;CTTGGTTATTC;PBU_90;288;351;26;R26;R26;Cecum;sample;8;d08;13;d08;HF1;HF;Altromin 1314;CTRL;HF_CTRL;8_HF_CTRL;Ce8R26;yes;11;4H6;c4;163,2;;392;5,1521;19,355;0,0004;0;0;0;0;9,665720292;;5,842010993;0,128583335;2,364482675;0,0506001;0,191974834;;;;808;6,74;7,45;7,37;7,6;6,74
c3_F8R26;F8R26;CTGGCAATCCTC;PBU_65;198;189;26;R26;R26;Feces;sample;8;d08;13;d08;HF1;HF;Altromin 1314;CTRL;HF_CTRL;8_HF_CTRL;F8R26;yes;4;3F5;c3;131,2;;392;5,1521;19,355;0,0003;0;0;0;0;;;;;;;;;;;808;;7,45;7,37;7,6;6,74
c3_Il8R26;Il8R26;TTACAACCTC;PBU_26;171;383;26;R26;R26;Ileum;sample;8;d08;13;d08;HF1;HF;Altromin 1314;CTRL;HF_CTRL;8_HF_CTRL;Il8R26;yes;12;3C2;c3;2;;392;5,1521;19,355;;0;0;0;0;;;;;;;;;;;808;7,6;7,45;7,37;7,6;6,74
c4_F0R27;F0R27;CTAACCACGGC;PBU_93;312;103;27;R27;R27;Feces;sample;0;d0;14;d08;HF1;HF;Altromin 1314;CTRL;HF_CTRL;0_HF_CTRL;F0R27;no;1;4H9;c4;28,5;;260;;;;;;;;;;;;;;;;;;438;;;;;
c3_C8R27;C8R27;TTAGTCGGAC;PBU_19;210;354;27;R27;R27;Cecum;sample;8;d08;14;d08;HF1;HF;Altromin 1314;CTRL;HF_CTRL;8_HF_CTRL;Ce8R27;yes;11;3B7;c3;73,4;;322;7,9617;14,733;0;0;0,00029466;0,001;0,016;12,53837426;;4,218328156;;3,66134158;0,022126931;0,1285435;;0,018020839;;807;6,16;6,79;6,68;7,33;6,16
c3_F8R27;F8R27;TTGGAGTGTC;PBU_14;170;144;27;R27;R27;Feces;sample;8;d08;14;d08;HF1;HF;Altromin 1314;CTRL;HF_CTRL;8_HF_CTRL;F8R27;yes;2;3B2;c3;49,4;;322;7,9617;14,733;0,0007;0;0,00029466;0,001;0,016;;;;;;;;;;;807;;6,79;6,68;7,33;6,16
c4_Il8R27;Il8R27;CTTCCATAAC;PBU_41;276;390;27;R27;R27;Ileum;sample;8;d08;14;d08;HF1;HF;Altromin 1314;CTRL;HF_CTRL;8_HF_CTRL;Il8R27;yes;12;4D5;c4;2,46;;322;7,9617;14,733;;0;0,00029466;0,001;0,016;;;;;;;;;;;807;7,33;6,79;6,68;7,33;6,16
c1_F0R28;F0R28;TCGCAATTAC;PBU_21;66;167;28;R28;R28;Feces;sample;0;d0;14;d08;HF1;HF;Altromin 1314;CTRL;HF_CTRL;0_HF_CTRL;F0R28;no;3;1B9;c1;106;;289;;;;;;;;;;;;;;;;;;438;;;;;
c1_C8R28;C8R28;TCAGTCCGAAC;PBU_58;77;346;28;R28;R28;Cecum;sample;8;d08;14;d08;HF1;HF;Altromin 1314;CTRL;HF_CTRL;8_HF_CTRL;Ce8R28;yes;10;1E10;c1;170,8;;342;6,867;16,0521;0;0;0,000160521;0;0;10,8562608;;1,916824479;0,059875698;8,027341232;0,048581262;0,161776396;0,109834854;0,0343001;;886;6,61;7,39;8,04;8,57;6,61
c4_F8R28;F8R28;TTCCTACCAGTC;PBU_79;295;135;28;R28;R28;Feces;sample;8;d08;14;d08;HF1;HF;Altromin 1314;CTRL;HF_CTRL;8_HF_CTRL;F8R28;yes;2;4G7;c4;29;;342;6,867;16,0521;0,0001;0;0,000160521;0;0;;;;;;;;;;;886;;7,39;8,04;8,57;6,61
c2_Il8R28;Il8R28;CAGAAGGAAC;PBU_5;113;392;28;R28;R28;Ileum;sample;8;d08;14;d08;HF1;HF;Altromin 1314;CTRL;HF_CTRL;8_HF_CTRL;Il8R28;yes;12;2A5;c2;3,9;;342;6,867;16,0521;;0;0,000160521;0;0;;;;;;;;;;;886;8,57;7,39;8,04;8,57;6,61
c2_F0R29;F0R29;TTCGAGACGC;PBU_22;154;101;29;R29;R29;Feces;sample;0;d0;15;d08;HF1;HF;Altromin 1314;CTRL;HF_CTRL;0_HF_CTRL;F0R29;no;1;2B10;c2;27;;286;;;;;;;;;;;;;;;;;;417;;;;;
c3_C8R29;C8R29;TCTATTCGTC;PBU_17;194;358;29;R29;R29;Cecum;sample;8;d08;15;d08;HF1;HF;Altromin 1314;CTRL;HF_CTRL;8_HF_CTRL;Ce8R29;yes;11;3B5;c3;156,8;;336;6,2271;14,2632;0;0;0,000285264;0,001;0,008;15,17086372;;4,522606931;0,05354928;5,668153788;0,043748015;0,202079981;;0,028676735;;970;6,09;6,87;6,65;7,32;6,09
c1_F8R29;F8R29;CAGAAGGAAC;PBU_5;33;127;29;R29;R29;Feces;sample;8;d08;15;d08;HF1;HF;Altromin 1314;CTRL;HF_CTRL;8_HF_CTRL;F8R29;yes;2;1A5;c1;28;;336;6,2271;14,2632;0,0001;0;0,000285264;0,001;0,008;;;;;;;;;;;970;;6,87;6,65;7,32;6,09
c1_Il8R29;Il8R29;TCAGGAATAC;PBU_38;12;396;29;R29;R29;Ileum;sample;8;d08;15;d08;HF1;HF;Altromin 1314;CTRL;HF_CTRL;8_HF_CTRL;Il8R29;yes;12;1D2;c1;7,98;;336;6,2271;14,2632;;0;0,000285264;0,001;0,008;;;;;;;;;;;970;7,32;6,87;6,65;7,32;6,09
c1_F0R30;F0R30;TCTATTCGTC;PBU_17;34;137;30;R30;R30;Feces;sample;0;d0;15;d08;HF1;HF;Altromin 1314;CTRL;HF_CTRL;0_HF_CTRL;F0R30;no;2;1B5;c1;29,5;;315;;;;;;;;;;;;;;;;;;415;;;;;
c4_C8R30;C8R30;CAGCATTAATTC;PBU_68;302;385;30;R30;R30;Cecum;sample;8;d08;15;d08;HF1;HF;Altromin 1314;CTRL;HF_CTRL;8_HF_CTRL;Ce8R30;yes;12;4F8;c4;110;;398;9,513;19,929;0;0;0,00019929;0;0,016;13,34469327;0,673306682;2,688883621;;4,515624938;;0,090259808;0,191547803;0,011025088;;444;6,13;6,83;6,94;8,39;6,13
c4_F8R30;F8R30;TTCCTGCTTCAC;PBU_74;255;174;30;R30;R30;Feces;sample;8;d08;15;d08;HF1;HF;Altromin 1314;CTRL;HF_CTRL;8_HF_CTRL;F8R30;yes;4;4G2;c4;184,4;;398;9,513;19,929;0;0;0,00019929;0;0,016;;;;;;;;;;;444;;6,83;6,94;8,39;6,13
c2_Il8R30;Il8R30;CAGATCCATC;PBU_20;138;326;30;R30;R30;Ileum;sample;8;d08;15;d08;HF1;HF;Altromin 1314;CTRL;HF_CTRL;8_HF_CTRL;Il8R30;yes;10;2B8;c2;6,58;;398;9,513;19,929;;0;0,00019929;0;0,016;;;;;;;;;;;444;8,39;6,83;6,94;8,39;6,13
c4_F0R31;F0R31;TAAGCCATTGTC;PBU_51;261;168;31;R31;R31;Feces;sample;0;d0;16;d21;HF2;HF;Altromin 1314;CTRL;HF_CTRL;0_HF_CTRL;F0R31;no;3;4E3;c4;166;;248;;;;;;;;;;;;;;;;;;399;;;;;
c2_F8R31;F8R31;CCGAACACTTC;PBU_91;136;158;31;R31;R31;Feces;sample;8;d08;16;d21;HF2;HF;Altromin 1314;CTRL;HF_CTRL;8_HF_CTRL;F8R31;yes;3;2H7;c2;138;;335;;;0,0003;0;;0,003;;;;;;;;;;;;703;;;;;
c2_F12R31;F12R31;TTAGTCGGAC;PBU_19;130;235;31;R31;R31;Feces;sample;12;d12;16;d21;HF2;HF;Altromin 1314;CTRL;HF_CTRL;12_HF_CTRL;F12R31;no;6;2B7;c2;104;;355,2;;;0,0065;;;;;;;;;;;;;;;;;;;;
c3_F16R31;F16R31;TCCTGAATCTC;PBU_92;224;269;31;R31;R31;Feces;sample;16;d16;16;d21;HF2;HF;Altromin 1314;CTRL;HF_CTRL;16_HF_CTRL;F16R31;no;7;3H8;c3;204;;370,8;;;0,0014;0;;0,008;;;;;;;;;;;;;;;;;
c4_F20R31;F20R31;TCCACCTCCTC;PBU_67;294;209;31;R31;R31;Feces;sample;20;d20;16;d21;HF2;HF;Altromin 1314;CTRL;HF_CTRL;20_HF_CTRL;F20R31;no;5;4F7;c4;134;;;;;;;;;;;;;;;;;;;;462;;;;;
c3_C21R31;C21R31;TCGAAGGCAGGC;PBU_86;176;307;31;R31;R31;Cecum;sample;21;d21;16;d21;HF2;HF;Altromin 1314;CTRL;HF_CTRL;21_HF_CTRL;Ce21R31;yes;9;3H2;c3;148,4;;399,1;5,71;17,3;0;0;0,001557;0,019;0,008;13,26548183;0,213746102;5,184757508;;3,091431504;0,041388678;0,212546187;;;;462;6,45;6,73;6,77;8,14;6,45
c3_F21R31;F21R31;TCCTAACATAAC;PBU_61;166;293;31;R31;R31;Feces;sample;21;d21;16;d21;HF2;HF;Altromin 1314;CTRL;HF_CTRL;21_HF_CTRL;F21R31;yes;8;3F1;c3;184,8;;399,1;5,71;17,3;0,0033;0;0,001557;0,019;0,008;;;;;;;;;;;462;;6,73;6,77;8,14;6,45
c2_Il21R31;Il21R31;CCGGAGAATCGC;PBU_66;126;364;31;R31;R31;Ileum;sample;21;d21;16;d21;HF2;HF;Altromin 1314;CTRL;HF_CTRL;21_HF_CTRL;Il21R31;yes;11;2F6;c2;23,2;;399,1;5,71;17,3;;0;0,001557;0,019;0,008;;;;;;;;;;;462;8,14;6,73;6,77;8,14;6,45
c4_F0R32;F0R32;TTGGAGGCCAGC;PBU_56;301;184;32;R32;R32;Feces;sample;0;d0;16;d21;HF2;HF;Altromin 1314;CTRL;HF_CTRL;0_HF_CTRL;F0R32;no;4;4E8;c4;177,2;;270;;;;;;;;;;;;;;;;;;398;;;;;
c3_F8R32;F8R32;CGGAAGGATGC;PBU_94;240;107;32;R32;R32;Feces;sample;8;d08;16;d21;HF2;HF;Altromin 1314;CTRL;HF_CTRL;8_HF_CTRL;F8R32;yes;1;3H10;c3;27;;342;;;0,0003;0,0008;;0,002;;;;;;;;;;;;782;;;;;
c3_F12R32;F12R32;TAACAATCGGC;PBU_46;236;245;32;R32;R32;Feces;sample;12;d12;16;d21;HF2;HF;Altromin 1314;CTRL;HF_CTRL;12_HF_CTRL;F12R32;no;6;3D10;c3;142,8;;359,2;;;0,0028;;;;;;;;;;;;;;;;;;;;
c3_F16R32;F16R32;CCTGCCATTCGC;PBU_87;184;212;32;R32;R32;Feces;sample;16;d16;16;d21;HF2;HF;Altromin 1314;CTRL;HF_CTRL;16_HF_CTRL;F16R32;no;5;3H3;c3;102,8;;376;;;0,0013;0;;0,006;;;;;;;;;;;;;;;;;
c2_F20R32;F20R32;TTGGCTGGAC;PBU_42;124;251;32;R32;R32;Feces;sample;20;d20;16;d21;HF2;HF;Altromin 1314;CTRL;HF_CTRL;20_HF_CTRL;F20R32;no;7;2D6;c2;164;;;;;;;;;;;;;;;;;;;;481;;;;;
c2_C21R32;C21R32;CCTGAGATAC;PBU_25;83;335;32;R32;R32;Cecum;sample;21;d21;16;d21;HF2;HF;Altromin 1314;CTRL;HF_CTRL;21_HF_CTRL;Ce21R32;yes;10;2C1;c2;179,2;;401,2;6,756;16,671;0;0;0,00150039;0,005;0;13,35380021;;3,040471547;0,089258618;9,916810448;0,07091211;0,159883695;;;;481;6,11;6,84;7,34;8,37;6,11
c4_F21R32;F21R32;TGGAGGACGGAC;PBU_54;285;213;32;R32;R32;Feces;sample;21;d21;16;d21;HF2;HF;Altromin 1314;CTRL;HF_CTRL;21_HF_CTRL;F21R32;yes;5;4E6;c4;112;;401,2;6,756;16,671;0,0038;0;0,00150039;0,005;0;;;;;;;;;;;481;;6,84;7,34;8,37;6,11
c1_Il21R32;Il21R32;CAGATCCATC;PBU_20;58;393;32;R32;R32;Ileum;sample;21;d21;16;d21;HF2;HF;Altromin 1314;CTRL;HF_CTRL;21_HF_CTRL;Il21R32;yes;12;1B8;c1;5,56;;401,2;6,756;16,671;;0;0,00150039;0,005;0;;;;;;;;;;;481;8,37;6,84;7,34;8,37;6,11
c1_F0R33;F0R33;TAAGCCATTGTC;PBU_51;21;109;33;R33;R33;Feces;sample;0;d0;17;d21;HF2;HF;Altromin 1314;CTRL;HF_CTRL;0_HF_CTRL;F0R33;no;1;1E3;c1;27;;304;;;;;;;;;;;;;;;;;;748;;;;;
c4_F8R33;F8R33;AAGGAATCGTC;PBU_52;269;157;33;R33;R33;Feces;sample;8;d08;17;d21;HF2;HF;Altromin 1314;CTRL;HF_CTRL;8_HF_CTRL;F8R33;yes;3;4E4;c4;120;;311;;;0;0;;0;;;;;;;;;;;;850;;;;;
c1_F12R33;F12R33;TCAAGAAGTTC;PBU_80;63;227;33;R33;R33;Feces;sample;12;d12;17;d21;HF2;HF;Altromin 1314;CTRL;HF_CTRL;12_HF_CTRL;F12R33;no;6;1G8;c1;146,8;;322;;;0,0013;;;;;;;;;;;;;;;;;;;;
c1_F16R33;F16R33;TGGAGGACGGAC;PBU_54;45;231;33;R33;R33;Feces;sample;16;d16;17;d21;HF2;HF;Altromin 1314;CTRL;HF_CTRL;16_HF_CTRL;F16R33;no;6;1E6;c1;140,4;;348,7;;;0,001;0;;0,005;;;;;;;;;;;;;;;;;
c1_F20R33;F20R33;CTTGAGAATGTC;PBU_53;37;253;33;R33;R33;Feces;sample;20;d20;17;d21;HF2;HF;Altromin 1314;CTRL;HF_CTRL;20_HF_CTRL;F20R33;no;7;1E5;c1;126;;;;;;;;;;;;;;;;;;;;752;;;;;
c1_C21R33;C21R33;TTGGAGGCCAGC;PBU_56;61;308;33;R33;R33;Cecum;sample;21;d21;17;d21;HF2;HF;Altromin 1314;CTRL;HF_CTRL;21_HF_CTRL;Ce21R33;yes;9;1E8;c1;107,2;;363,1;6,193;13,397;0;0;0,00026794;0;0,008;12,06392442;;2,584946316;0,119125035;8,452549347;0,077120881;0,226067721;0,136877924;;;752;6,67;6,82;7,47;8,31;6,67
c4_F21R33;F21R33;TTCCGATAAC;PBU_8;297;201;33;R33;R33;Feces;sample;21;d21;17;d21;HF2;HF;Altromin 1314;CTRL;HF_CTRL;21_HF_CTRL;F21R33;yes;5;4A8;c4;112;;363,1;6,193;13,397;0,0007;0;0,00026794;0;0,008;;;;;;;;;;;752;;6,82;7,47;8,31;6,67
c2_Il21R33;Il21R33;CCAGCCTCAAC;PBU_89;120;382;33;R33;R33;Ileum;sample;21;d21;17;d21;HF2;HF;Altromin 1314;CTRL;HF_CTRL;21_HF_CTRL;Il21R33;yes;12;2H5;c2;13,5;;363,1;6,193;13,397;;0;0,00026794;0;0,008;;;;;;;;;;;752;8,31;6,82;7,47;8,31;6,67
c2_F0R34;F0R34;TCAAGAAGTTC;PBU_80;143;139;34;R34;R34;Feces;sample;0;d0;17;d21;HF2;HF;Altromin 1314;CTRL;HF_CTRL;0_HF_CTRL;F0R34;no;2;2G8;c2;29,5;;287;;;;;;;;;;;;;;;;;;748;;;;;
c1_F8R34;F8R34;CCGGAGAATCGC;PBU_66;46;187;34;R34;R34;Feces;sample;8;d08;17;d21;HF2;HF;Altromin 1314;CTRL;HF_CTRL;8_HF_CTRL;F8R34;yes;4;1F6;c1;204;;345;;;0,0001;0,0004;;0;;;;;;;;;;;;800;;;;;
c4_F12R34;F12R34;CCTGGTTGTC;PBU_39;260;288;34;R34;R34;Feces;sample;12;d12;17;d21;HF2;HF;Altromin 1314;CTRL;HF_CTRL;12_HF_CTRL;F12R34;no;8;4D3;c4;174;;361;;;0,0022;;;;;;;;;;;;;;;;;;;;
c3_F16R34;F16R34;ATCCGGAATC;PBU_28;187;265;34;R34;R34;Feces;sample;16;d16;17;d21;HF2;HF;Altromin 1314;CTRL;HF_CTRL;16_HF_CTRL;F16R34;no;7;3C4;c3;165,6;;383,2;;;0,0028;0;;0;;;;;;;;;;;;;;;;;
c2_F20R34;F20R34;CTGACCGAAC;PBU_10;153;266;34;R34;R34;Feces;sample;20;d20;17;d21;HF2;HF;Altromin 1314;CTRL;HF_CTRL;20_HF_CTRL;F20R34;no;7;2A10;c2;204;;;;;;;;;;;;;;;;;;;;821;;;;;
c1_C21R34;C21R34;TGGAGCTTCCTC;PBU_57;69;369;34;R34;R34;Cecum;sample;21;d21;17;d21;HF2;HF;Altromin 1314;CTRL;HF_CTRL;21_HF_CTRL;Ce21R34;yes;11;1E9;c1;231;;398,2;5,57;15,661;0;0;0,00015661;0;0;22,27232232;;4,395452606;0,068732878;11,67150322;0,064804495;0,182599353;0,417849803;0,177468279;0,126559437;821;6,35;6,89;7,33;7,84;6,35
c1_F21R34;F21R34;TTGGCATCTC;PBU_40;28;243;34;R34;R34;Feces;sample;21;d21;17;d21;HF2;HF;Altromin 1314;CTRL;HF_CTRL;21_HF_CTRL;F21R34;yes;6;1D4;c1;193,6;;398,2;5,57;15,661;0,0005;0;0,00015661;0;0;;;;;;;;;;;821;;6,89;7,33;7,84;6,35
c4_Il21R34;Il21R34;TCCGACAAGC;PBU_43;292;367;34;R34;R34;Ileum;sample;21;d21;17;d21;HF2;HF;Altromin 1314;CTRL;HF_CTRL;21_HF_CTRL;Il21R34;yes;11;4D7;c4;3,72;;398,2;5,57;15,661;;0;0,00015661;0;0;;;;;;;;;;;821;7,84;6,89;7,33;7,84;6,35
c1_F0R35;F0R35;ATCCGGAATC;PBU_28;27;115;35;R35;R35;Feces;sample;0;d0;18;d21;HF2;HF;Altromin 1314;CTRL;HF_CTRL;0_HF_CTRL;F0R35;no;1;1C4;c1;28,5;;252;;;;;;;;;;;;;;;;;;377;;;;;
c2_F8R35;F8R35;CGAAGGCCACAC;PBU_82;159;129;35;R35;R35;Feces;sample;8;d08;18;d21;HF2;HF;Altromin 1314;CTRL;HF_CTRL;8_HF_CTRL;F8R35;yes;2;2G10;c2;28;;341;;;0,0001;0;;0;;;;;;;;;;;;963;;;;;
c4_F12R35;F12R35;CCTTAGAGTTC;PBU_75;263;229;35;R35;R35;Feces;sample;12;d12;18;d21;HF2;HF;Altromin 1314;CTRL;HF_CTRL;12_HF_CTRL;F12R35;no;6;4G3;c4;180,4;;373,7;;;0,001;;;;;;;;;;;;;;;;;;;;
c4_F16R35;F16R35;TAAGGAGAAC;PBU_2;249;226;35;R35;R35;Feces;sample;16;d16;18;d21;HF2;HF;Altromin 1314;CTRL;HF_CTRL;16_HF_CTRL;F16R35;no;6;4A2;c4;168,8;;396,3;;;0,0064;0;;0,001;;;;;;;;;;;;;;;;;
c2_F20R35;F20R35;CTAAGGTAAC;PBU_1;81;247;35;R35;R35;Feces;sample;20;d20;18;d21;HF2;HF;Altromin 1314;CTRL;HF_CTRL;20_HF_CTRL;F20R35;no;6;2A1;c2;232;;;;;;;;;;;;;;;;;;;;425;;;;;
c3_C21R35;C21R35;TCTTACACAC;PBU_32;219;376;35;R35;R35;Cecum;sample;21;d21;18;d21;HF2;HF;Altromin 1314;CTRL;HF_CTRL;21_HF_CTRL;Ce21R35;yes;12;3C8;c3;204;;412,1;9,03;16,41;0;0;0,0004923;0,001;0,004;13,50565829;;3,894038076;;3,943706381;0,035908872;0,183511467;;;;425;6,15;7,04;6,92;7,82;6,15
c3_F21R35;F21R35;TTAAGCGGTC;PBU_45;228;206;35;R35;R35;Feces;sample;21;d21;18;d21;HF2;HF;Altromin 1314;CTRL;HF_CTRL;21_HF_CTRL;F21R35;yes;5;3D9;c3;172,4;;412,1;9,03;16,41;0,0017;0;0,0004923;0,001;0,004;;;;;;;;;;;425;;7,04;6,92;7,82;6,15
c3_Il21R35;Il21R35;CTTCCATAAC;PBU_41;196;314;35;R35;R35;Ileum;sample;21;d21;18;d21;HF2;HF;Altromin 1314;CTRL;HF_CTRL;21_HF_CTRL;Il21R35;yes;9;3D5;c3;14,7;;412,1;9,03;16,41;;0;0,0004923;0,001;0,004;;;;;;;;;;;425;7,82;7,04;6,92;7,82;6,15
c1_F0R36;F0R36;CCTTAGAGTTC;PBU_75;23;156;36;R36;R36;Feces;sample;0;d0;18;d21;HF2;HF;Altromin 1314;CTRL;HF_CTRL;0_HF_CTRL;F0R36;no;3;1G3;c1;78,8;;307;;;;;;;;;;;;;;;;;;376;;;;;
c1_F8R36;F8R36;TTGAGCCTATTC;PBU_63;22;160;36;R36;R36;Feces;sample;8;d08;18;d21;HF2;HF;Altromin 1314;CTRL;HF_CTRL;8_HF_CTRL;F8R36;yes;3;1F3;c1;240;;304;;;0,0001;0,0003;;0;;;;;;;;;;;;798;;;;;
c4_F12R36;F12R36;AGGCAATTGC;PBU_18;282;294;36;R36;R36;Feces;sample;12;d12;18;d21;HF2;HF;Altromin 1314;CTRL;HF_CTRL;12_HF_CTRL;F12R36;no;8;4B6;c4;171,6;;335,7;;;0,0007;;;;;;;;;;;;;;;;;;;;
c1_F16R36;F16R36;AGCACGAATC;PBU_33;67;246;36;R36;R36;Feces;sample;16;d16;18;d21;HF2;HF;Altromin 1314;CTRL;HF_CTRL;16_HF_CTRL;F16R36;no;6;1C9;c1;224;;359,7;;;0,0031;0;;0,001;;;;;;;;;;;;;;;;;
c1_F20R36;F20R36;CGGAAGGATGC;PBU_94;80;254;36;R36;R36;Feces;sample;20;d20;18;d21;HF2;HF;Altromin 1314;CTRL;HF_CTRL;20_HF_CTRL;F20R36;no;7;1H10;c1;176,8;;;;;;;;;;;;;;;;;;;;328;;;;;
c2_C21R36;C21R36;TTGAGCCTATTC;PBU_63;102;342;36;R36;R36;Cecum;sample;21;d21;18;d21;HF2;HF;Altromin 1314;CTRL;HF_CTRL;21_HF_CTRL;Ce21R36;yes;10;2F3;c2;114;;388,1;8,149;13,437;0;0;0,00053748;0,001;0,004;10,87672851;;1,264577666;0,107644447;11,30945523;;0,167239529;0,369179497;0,203778361;;328;6,02;6,88;7,27;7,91;6,02
c2_F21R36;F21R36;TCTAGAGGTC;PBU_15;98;214;36;R36;R36;Feces;sample;21;d21;18;d21;HF2;HF;Altromin 1314;CTRL;HF_CTRL;21_HF_CTRL;F21R36;yes;5;2B3;c2;115,2;;388,1;8,149;13,437;0,0005;0;0,00053748;0,001;0,004;;;;;;;;;;;328;;6,88;7,27;7,91;6,02
c2_Il21R36;Il21R36;CGGACAGATC;PBU_44;140;371;36;R36;R36;Ileum;sample;21;d21;18;d21;HF2;HF;Altromin 1314;CTRL;HF_CTRL;21_HF_CTRL;Il21R36;yes;11;2D8;c2;120;;388,1;8,149;13,437;;0;0,00053748;0,001;0,004;;;;;;;;;;;328;7,91;6,88;7,27;7,91;6,02
c2_F0R37;F0R37;TCTGGCAACGGC;PBU_69;150;148;37;R37;R37;Feces;sample;0;d0;19;d08;HF3;HF;Altromin 1314;PFOS;HF_PFOS;0_HF_PFOS;F0R37;no;2;2F9;c2;116;;272;;;;;;;;;;;;;;;;;;539;;;;;
c3_C8R37;C8R37;CCTGAGATAC;PBU_25;163;377;37;R37;R37;Cecum;sample;8;d08;19;d08;HF3;HF;Altromin 1314;PFOS;HF_PFOS;8_HF_PFOS;Ce8R37;yes;12;3C1;c3;170,4;;373;6,122;18,713;1,881;0,7144;3,58241672;64,048;3,896;11,27897387;;1,789206974;;10,33845941;0,025993469;0,182243571;0,156129463;0,017776652;0,073481945;876;6,6;7,68;7,9;8,15;6,6
c4_F8R37;F8R37;TTCTCATTGAAC;PBU_49;245;105;37;R37;R37;Feces;sample;8;d08;19;d08;HF3;HF;Altromin 1314;PFOS;HF_PFOS;8_HF_PFOS;F8R37;yes;1;4E1;c4;22,6;;373;6,122;18,713;4,078;0,7144;3,58241672;64,048;3,896;;;;;;;;;;;876;;7,68;7,9;8,15;6,6
c1_Il8R37;Il8R37;TTAGTCGGAC;PBU_19;50;387;37;R37;R37;Ileum;sample;8;d08;19;d08;HF3;HF;Altromin 1314;PFOS;HF_PFOS;8_HF_PFOS;Il8R37;yes;12;1B7;c1;2,66;;373;6,122;18,713;;0,7144;3,58241672;64,048;3,896;;;;;;;;;;;876;8,15;7,68;7,9;8,15;6,6
c1_F0R38;F0R38;CTAACCACGGC;PBU_93;72;186;38;R38;R38;Feces;sample;0;d0;19;d08;HF3;HF;Altromin 1314;PFOS;HF_PFOS;0_HF_PFOS;F0R38;no;4;1H9;c1;150,8;;282;;;;;;;;;;;;;;;;;;539;;;;;
c3_C8R38;C8R38;CGGACAATGGC;PBU_62;174;356;38;R38;R38;Cecum;sample;8;d08;19;d08;HF3;HF;Altromin 1314;PFOS;HF_PFOS;8_HF_PFOS;Ce8R38;yes;11;3F2;c3;144,8;;342;6,8607;16,2501;1,592;0,4492;3,320220432;59,76;4,376;9,75390084;;1,637646837;;8,47554526;0,039117832;0,14979775;;;;845;6,94;7,43;7,51;7,31;6,94
c3_F8R38;F8R38;TCAGTCCGAAC;PBU_58;237;123;38;R38;R38;Feces;sample;8;d08;19;d08;HF3;HF;Altromin 1314;PFOS;HF_PFOS;8_HF_PFOS;F8R38;yes;1;3E10;c3;29,5;;342;6,8607;16,2501;3,737;0,4492;3,320220432;59,76;4,376;;;;;;;;;;;845;;7,43;7,51;7,31;6,94
c3_Il8R38;Il8R38;TAAGGAGAAC;PBU_2;169;381;38;R38;R38;Ileum;sample;8;d08;19;d08;HF3;HF;Altromin 1314;PFOS;HF_PFOS;8_HF_PFOS;Il8R38;yes;12;3A2;c3;1,33;;342;6,8607;16,2501;;0,4492;3,320220432;59,76;4,376;;;;;;;;;;;845;7,31;7,43;7,51;7,31;6,94
c2_F0R39;F0R39;TTCAATTGGC;PBU_34;155;111;39;R39;R39;Feces;sample;0;d0;20;d08;HF3;HF;Altromin 1314;PFOS;HF_PFOS;0_HF_PFOS;F0R39;no;1;2C10;c2;29,5;;299;;;;;;;;;;;;;;;;;;626;;;;;
c3_C8R39;C8R39;CCGAACACTTC;PBU_91;216;361;39;R39;R39;Cecum;sample;8;d08;20;d08;HF3;HF;Altromin 1314;PFOS;HF_PFOS;8_HF_PFOS;Ce8R39;yes;11;3H7;c3;87,4;;341;7,1277;18,9182;1,447;0,6072;3,567215792;52,096;4,296;15,43863048;;2,360501301;;7,962305827;;0,127490083;;;;554;6,37;7,24;7,21;7,9;6,37
c1_F8R39;F8R39;CTAAGGTAAC;PBU_1;1;165;39;R39;R39;Feces;sample;8;d08;20;d08;HF3;HF;Altromin 1314;PFOS;HF_PFOS;8_HF_PFOS;F8R39;yes;3;1A1;c1;118;;341;7,1277;18,9182;3,522;0,6072;3,567215792;52,096;4,296;;;;;;;;;;;554;;7,24;7,21;7,9;6,37
c4_Il8R39;Il8R39;CAGCCAATTCTC;PBU_85;248;332;39;R39;R39;Ileum;sample;8;d08;20;d08;HF3;HF;Altromin 1314;PFOS;HF_PFOS;8_HF_PFOS;Il8R39;yes;10;4H1;c4;5,2;;341;7,1277;18,9182;;0,6072;3,567215792;52,096;4,296;;;;;;;;;;;554;7,9;7,24;7,21;7,9;6,37
c1_F0R40;F0R40;CCGCAATCATC;PBU_78;47;169;40;R40;R40;Feces;sample;0;d0;20;d08;HF3;HF;Altromin 1314;PFOS;HF_PFOS;0_HF_PFOS;F0R40;no;3;1G6;c1;106,8;;279;;;;;;;;;;;;;;;;;;625;;;;;
c4_C8R40;C8R40;TTGGCTGGAC;PBU_42;284;305;40;R40;R40;Cecum;sample;8;d08;20;d08;HF3;HF;Altromin 1314;PFOS;HF_PFOS;8_HF_PFOS;Ce8R40;yes;9;4D6;c4;8,44;;335;4,7187;16,2271;0,919;0,6076;3,00525892;49,872;;4,035738516;;0,430348744;;0,789302684;0,006379562;;0,761258462;;;843;8,52;7,2;7,84;7,98;8,52
c1_F8R40;F8R40;CTGACCGAAC;PBU_10;73;153;40;R40;R40;Feces;sample;8;d08;20;d08;HF3;HF;Altromin 1314;PFOS;HF_PFOS;8_HF_PFOS;F8R40;yes;3;1A10;c1;30;;335;4,7187;16,2271;2,262;0,6076;3,00525892;49,872;;;;;;;;;;;;843;;7,2;7,84;7,98;8,52
c4_Il8R40;Il8R40;TCAGGAATAC;PBU_38;252;386;40;R40;R40;Ileum;sample;8;d08;20;d08;HF3;HF;Altromin 1314;PFOS;HF_PFOS;8_HF_PFOS;Il8R40;yes;12;4D2;c4;0,466;;335;4,7187;16,2271;;0,6076;3,00525892;49,872;;;;;;;;;;;;843;7,98;7,2;7,84;7,98;8,52
c2_F0R43;F0R43;TCTTACACAC;PBU_32;139;175;43;R43;R41;Feces;sample;0;d0;22;d08;HF3;HF;Altromin 1314;PFOS;HF_PFOS;0_HF_PFOS;F0R43;no;4;2C8;c2;126;;270;;;;;;;;;;;;;;;;;;434;;;;;
c3_C21R43;C21R43;AACCATCCGC;PBU_27;179;379;43;R43;R41;Cecum;sample;8;d08;22;d08;HF3;HF;Altromin 1314;PFOS;HF_PFOS;8_HF_PFOS;Ce8R43;yes;12;3C3;c3;172,4;sampleID mismatches date;310;6,3416;13,4873;1,812;0,5116;2,726592568;62,288;5,08;10,05071747;;3,115779515;;8,907427468;0,086542332;0,214843405;1,707591182;0,170244297;0,156335941;670;7,44;6,86;6,48;7,27;7,44
c2_F8R43;F8R43;TCCTAACATAAC;PBU_61;86;195;43;R43;R41;Feces;sample;8;d08;22;d08;HF3;HF;Altromin 1314;PFOS;HF_PFOS;8_HF_PFOS;F8R43;yes;4;2F1;c2;91,6;;310;6,3416;13,4873;4,056;0,5116;2,726592568;62,288;5,08;;;;;;;;;;;670;;6,86;6,48;7,27;7,44
c2_Il21R43;Il21R43;TGAGCGGAAC;PBU_9;145;330;43;R43;R41;Ileum;sample;8;d08;22;d08;HF3;HF;Altromin 1314;PFOS;HF_PFOS;8_HF_PFOS;Il8R43;yes;10;2A9;c2;7,06;sampleID mismatches date;310;6,3416;13,4873;;0,5116;2,726592568;62,288;5,08;;;;;;;;;;;670;7,27;6,86;6,48;7,27;7,44
c1_F0R44;F0R44;TTCGAGACGC;PBU_22;74;114;44;R44;R42;Feces;sample;0;d0;22;d08;HF3;HF;Altromin 1314;PFOS;HF_PFOS;0_HF_PFOS;F0R44;no;1;1B10;c1;123,2;;296;;;;;;;;;;;;;;;;;;433;;;;;
c1_C21R44;C21R44;TTCAATTGGC;PBU_34;75;373;44;R44;R42;Cecum;sample;8;d08;22;d08;HF3;HF;Altromin 1314;PFOS;HF_PFOS;8_HF_PFOS;Ce8R44;yes;12;1C10;c1;54,8;sampleID mismatches date;346;8,5618;17,0885;1,406;0,5652;3,32063732;58,496;4,304;11,07057459;;3,403426348;;8,872400582;;0,189898328;;;;679;5,93;6,84;6,97;8,32;5,93
c2_F8R44;F8R44;TGGAGGACGGAC;PBU_54;125;163;44;R44;R42;Feces;sample;8;d08;22;d08;HF3;HF;Altromin 1314;PFOS;HF_PFOS;8_HF_PFOS;F8R44;yes;3;2E6;c2;134,4;;346;8,5618;17,0885;4,65;0,5652;3,32063732;58,496;4,304;;;;;;;;;;;679;;6,84;6,97;8,32;5,93
c1_Il21R44;Il21R44;TAACAATCGGC;PBU_46;76;374;44;R44;R42;Ileum;sample;8;d08;22;d08;HF3;HF;Altromin 1314;PFOS;HF_PFOS;8_HF_PFOS;Il8R44;yes;12;1D10;c1;6,84;sampleID mismatches date;346;8,5618;17,0885;;0,5652;3,32063732;58,496;4,304;;;;;;;;;;;679;8,32;6,84;6,97;8,32;5,93
c3_F0R41;F0R41;CAGCATTAATTC;PBU_68;222;190;41;R41;R43;Feces;sample;0;d0;21;d21;HF4;HF;Altromin 1314;PFOS;HF_PFOS;0_HF_PFOS;F0R41;no;4;3F8;c3;133,6;;278;;;;;;;;;;;;;;;;;;354;;;;;
c2_F8R41;F8R41;TCGCATCGTTC;PBU_50;93;155;41;R41;R43;Feces;sample;8;d08;21;d21;HF4;HF;Altromin 1314;PFOS;HF_PFOS;8_HF_PFOS;F8R41;yes;3;2E2;c2;240;;329;;;4,449;0,4512;;53,808;;;;;;;;;;;;482;;;;;
c4_F12R41;F12R41;TCACTCGGATC;PBU_73;247;284;41;R41;R43;Feces;sample;12;d12;21;d21;HF4;HF;Altromin 1314;PFOS;HF_PFOS;12_HF_PFOS;F12R41;no;8;4G1;c4;182,8;;352,3;;;2,455;;;;;;;;;;;;;;;;;;;;
c4_F16R41;F16R41;CTTGACACCGC;PBU_55;293;281;41;R41;R43;Feces;sample;16;d16;21;d21;HF4;HF;Altromin 1314;PFOS;HF_PFOS;16_HF_PFOS;F16R41;no;8;4E7;c4;105,6;;375;;;2,628;1,2484;;47,76;;;;;;;;;;;;;;;;;
c4_F20R41;F20R41;CGAGGTTATC;PBU_30;283;244;41;R41;R43;Feces;sample;20;d20;21;d21;HF4;HF;Altromin 1314;PFOS;HF_PFOS;20_HF_PFOS;F20R41;no;6;4C6;c4;136,8;;;;;;;;;;;;;;;;;;;;791;;;;;
c3_C8R41;C8R41;TCTGGATGAC;PBU_16;186;357;41;R41;R43;Cecum;sample;21;d21;21;d21;HF4;HF;Altromin 1314;PFOS;HF_PFOS;21_HF_PFOS;Ce21R41;yes;11;3B4;c3;208;sampleID mismatches date;401,8;6,3416;18,35;1,139;0,186;2,689376;43,424;;10,12302789;;2,350118996;0,131228505;7,708191466;0,110326575;0,255561936;;;;791;6,68;6,78;6,98;7,44;6,68
c4_F21R41;F21R41;TCGCAATTAC;PBU_21;306;211;41;R41;R43;Feces;sample;21;d21;21;d21;HF4;HF;Altromin 1314;PFOS;HF_PFOS;21_HF_PFOS;F21R41;yes;5;4B9;c4;70,4;;401,8;6,3416;18,35;2,103;0,186;2,689376;43,424;;;;;;;;;;;;791;;6,78;6,98;7,44;6,68
c3_Il8R41;Il8R41;CTTGACACCGC;PBU_55;213;397;41;R41;R43;Ileum;sample;21;d21;21;d21;HF4;HF;Altromin 1314;PFOS;HF_PFOS;21_HF_PFOS;Il21R41;yes;12;3E7;c3;41,2;sampleID mismatches date;401,8;6,3416;18,35;;0,186;2,689376;43,424;;;;;;;;;;;;791;7,44;6,78;6,98;7,44;6,68
c1_F0R42;F0R42;CCTGAGATAC;PBU_25;3;142;42;R42;R44;Feces;sample;0;d0;21;d21;HF4;HF;Altromin 1314;PFOS;HF_PFOS;0_HF_PFOS;F0R42;no;2;1C1;c1;39,6;;290;;;;;;;;;;;;;;;;;;353;;;;;
c2_F8R42;F8R42;TCTATTCGTC;PBU_17;114;119;42;R42;R44;Feces;sample;8;d08;21;d21;HF4;HF;Altromin 1314;PFOS;HF_PFOS;8_HF_PFOS;F8R42;yes;1;2B5;c2;28,5;;352;;;3,248;0,3424;;59,392;;;;;;;;;;;;861;;;;;
c1_F12R42;F12R42;TTGGAGTGTC;PBU_14;10;274;42;R42;R44;Feces;sample;12;d12;21;d21;HF4;HF;Altromin 1314;PFOS;HF_PFOS;12_HF_PFOS;F12R42;no;8;1B2;c1;137,6;;381,2;;;2,3;;;;;;;;;;;;;;;;;;;;
c2_F16R42;F16R42;TCCAAGCTGC;PBU_31;131;277;42;R42;R44;Feces;sample;16;d16;21;d21;HF4;HF;Altromin 1314;PFOS;HF_PFOS;16_HF_PFOS;F16R42;no;8;2C7;c2;157,2;;410,8;;;2,406;0,6352;;50,4;;;;;;;;;;;;;;;;;
c4_F20R42;F20R42;TTCGTGATTC;PBU_7;289;203;42;R42;R44;Feces;sample;20;d20;21;d21;HF4;HF;Altromin 1314;PFOS;HF_PFOS;20_HF_PFOS;F20R42;no;5;4A7;c4;140;;;;;;;;;;;;;;;;;;;;500;;;;;
c2_C8R42;C8R42;TTACAACCTC;PBU_26;91;327;42;R42;R44;Cecum;sample;21;d21;21;d21;HF4;HF;Altromin 1314;PFOS;HF_PFOS;21_HF_PFOS;Ce21R42;yes;10;2C2;c2;212;sampleID mismatches date;433,1;8,5618;18,411;1,224;0,5844;2,63203656;42,416;1,816;12,98026778;;3,818124604;;3,422737208;0,015590715;0,137236929;;;;500;6,6;7,21;7,62;7,84;6,6
c1_F21R42;F21R42;TCCTAACATAAC;PBU_61;6;220;42;R42;R44;Feces;sample;21;d21;21;d21;HF4;HF;Altromin 1314;PFOS;HF_PFOS;21_HF_PFOS;F21R42;yes;5;1F1;c1;115,6;;433,1;8,5618;18,411;2,337;0,5844;2,63203656;42,416;1,816;;;;;;;;;;;500;;7,21;7,62;7,84;6,6
c3_Il8R42;Il8R42;CAGCCAATTCTC;PBU_85;168;395;42;R42;R44;Ileum;sample;21;d21;21;d21;HF4;HF;Altromin 1314;PFOS;HF_PFOS;21_HF_PFOS;Il21R42;yes;12;3H1;c3;3,4;sampleID mismatches date;433,1;8,5618;18,411;;0,5844;2,63203656;42,416;1,816;;;;;;;;;;;500;7,84;7,21;7,62;7,84;6,6
c1_F0R45;F0R45;TGAGCGGAAC;PBU_9;65;181;45;R45;R45;Feces;sample;0;d0;23;d21;HF4;HF;Altromin 1314;PFOS;HF_PFOS;0_HF_PFOS;F0R45;no;4;1A9;c1;240;;276;;;;;;;;;;;;;;;;;;567;;;;;
c3_F8R45;F8R45;TGAGCGGAAC;PBU_9;225;161;45;R45;R45;Feces;sample;8;d08;23;d21;HF4;HF;Altromin 1314;PFOS;HF_PFOS;8_HF_PFOS;F8R45;yes;3;3A9;c3;112;;326;;;3,577;0,6096;;56,336;;;;;;;;;;;;753;;;;;
c2_F12R45;F12R45;TTCGTGATTC;PBU_7;129;273;45;R45;R45;Feces;sample;12;d12;23;d21;HF4;HF;Altromin 1314;PFOS;HF_PFOS;12_HF_PFOS;F12R45;no;8;2A7;c2;100,4;;358,2;;;3,063;;;;;;;;;;;;;;;;;;;;
c2_F16R45;F16R45;TTCCGATAAC;PBU_8;137;250;45;R45;R45;Feces;sample;16;d16;23;d21;HF4;HF;Altromin 1314;PFOS;HF_PFOS;16_HF_PFOS;F16R45;no;7;2A8;c2;72,8;;375,5;;;2,675;1,174;;47,12;;;;;;;;;;;;;;;;;
c2_F20R45;F20R45;TCACTCGGATC;PBU_73;87;285;45;R45;R45;Feces;sample;20;d20;23;d21;HF4;HF;Altromin 1314;PFOS;HF_PFOS;20_HF_PFOS;F20R45;no;8;2G1;c2;124;;;;;;;;;;;;;;;;;;;;691;;;;;
c2_C21R45;C21R45;CAGCATTAATTC;PBU_68;142;328;45;R45;R45;Cecum;sample;21;d21;23;d21;HF4;HF;Altromin 1314;PFOS;HF_PFOS;21_HF_PFOS;Ce21R45;yes;10;2F8;c2;102;;419,1;8,89;16,59;1,127;0,2404;2,5190256;42,688;2,608;10,37258241;;1,879774977;0,156419586;7,945070474;0,111311094;0,28516897;;0,019341004;;691;7,25;6,78;6,76;7,88;7,25
c3_F21R45;F21R45;TTCTCATTGAAC;PBU_49;165;255;45;R45;R45;Feces;sample;21;d21;23;d21;HF4;HF;Altromin 1314;PFOS;HF_PFOS;21_HF_PFOS;F21R45;yes;7;3E1;c3;155,6;;419,1;8,89;16,59;2,746;0,2404;2,5190256;42,688;2,608;;;;;;;;;;;691;;6,78;6,76;7,88;7,25
c2_Il21R45;Il21R45;CTTGGTTATTC;PBU_90;128;359;45;R45;R45;Ileum;sample;21;d21;23;d21;HF4;HF;Altromin 1314;PFOS;HF_PFOS;21_HF_PFOS;Il21R45;yes;11;2H6;c2;13,1;;419,1;8,89;16,59;;0,2404;2,5190256;42,688;2,608;;;;;;;;;;;691;7,88;6,78;6,76;7,88;7,25
c4_F0R46;F0R46;TCCTGAATCTC;PBU_92;304;146;46;R46;R46;Feces;sample;0;d0;23;d21;HF4;HF;Altromin 1314;PFOS;HF_PFOS;0_HF_PFOS;F0R46;no;2;4H8;c4;56,4;;293;;;;;;;;;;;;;;;;;;561;;;;;
c1_F8R46;F8R46;CCTGGTTGTC;PBU_39;20;136;46;R46;R46;Feces;sample;8;d08;23;d21;HF4;HF;Altromin 1314;PFOS;HF_PFOS;8_HF_PFOS;F8R46;yes;2;1D3;c1;28;;353;;;3,17;0,6264;;51,968;;;;;;;;;;;;702;;;;;
c4_F12R46;F12R46;CGATCGGTTC;PBU_37;244;298;46;R46;R46;Feces;sample;12;d12;23;d21;HF4;HF;Altromin 1314;PFOS;HF_PFOS;12_HF_PFOS;F12R46;no;8;4D1;c4;240;;378,2;;;2,709;;;;;;;;;;;;;;;;;;;;
c4_F16R46;F16R46;CCGCATGGAAC;PBU_64;270;234;46;R46;R46;Feces;sample;16;d16;23;d21;HF4;HF;Altromin 1314;PFOS;HF_PFOS;16_HF_PFOS;F16R46;no;6;4F4;c4;193,2;;383;;;1,835;3,066;;45,968;;;;;;;;;;;;;;;;;
c4_F20R46;F20R46;TTGGAGTGTC;PBU_14;250;257;46;R46;R46;Feces;sample;20;d20;23;d21;HF4;HF;Altromin 1314;PFOS;HF_PFOS;20_HF_PFOS;F20R46;no;7;4B2;c4;232;;;;;;;;;;;;;;;;;;;;866;;;;;
c2_C21R46;C21R46;CAGCCAATTCTC;PBU_85;88;341;46;R46;R46;Cecum;sample;21;d21;23;d21;HF4;HF;Altromin 1314;PFOS;HF_PFOS;21_HF_PFOS;Ce21R46;yes;10;2H1;c2;165,2;;400,3;7,3;20,0891;1,057;0,178;2,765867288;36,864;1,624;11,49124138;;2,85125368;;2,051602566;;0,088475088;;;;866;6,03;7,2;7,96;7,93;6,03
c1_F21R46;F21R46;CCTGCCATTCGC;PBU_87;24;221;46;R46;R46;Feces;sample;21;d21;23;d21;HF4;HF;Altromin 1314;PFOS;HF_PFOS;21_HF_PFOS;F21R46;yes;5;1H3;c1;102;;400,3;7,3;20,0891;1,316;0,178;2,765867288;36,864;1,624;;;;;;;;;;;866;;7,2;7,96;7,93;6,03
c4_Il21R46;Il21R46;TCAAGAAGTTC;PBU_80;303;322;46;R46;R46;Ileum;sample;21;d21;23;d21;HF4;HF;Altromin 1314;PFOS;HF_PFOS;21_HF_PFOS;Il21R46;yes;9;4G8;c4;51,8;;400,3;7,3;20,0891;;0,178;2,765867288;36,864;1,624;;;;;;;;;;;866;7,93;7,2;7,96;7,93;6,03
c1_F0R47;F0R47;CTTGACACCGC;PBU_55;53;133;47;R47;R47;Feces;sample;0;d0;24;d21;HF4;HF;Altromin 1314;PFOS;HF_PFOS;0_HF_PFOS;F0R47;no;2;1E7;c1;25,5;;242;;;;;;;;;;;;;;;;;;;;;;;
c2_F8R47;F8R47;TAACAATCGGC;PBU_46;156;118;47;R47;R47;Feces;sample;8;d08;24;d21;HF4;HF;Altromin 1314;PFOS;HF_PFOS;8_HF_PFOS;F8R47;yes;1;2D10;c2;27,5;;295;;;2,915;0,3304;;46,816;;;;;;;;;;;;701;;;;;
c2_F12R47;F12R47;CCGCATGGAAC;PBU_64;110;262;47;R47;R47;Feces;sample;12;d12;24;d21;HF4;HF;Altromin 1314;PFOS;HF_PFOS;12_HF_PFOS;F12R47;no;7;2F4;c2;91,2;;324,7;;;2,529;;;;;;;;;;;;;;;;;;;;
c3_F16R47;F16R47;CTAAGGTAAC;PBU_1;161;225;47;R47;R47;Feces;sample;16;d16;24;d21;HF4;HF;Altromin 1314;PFOS;HF_PFOS;16_HF_PFOS;F16R47;no;6;3A1;c3;104;;341,5;;;2,181;0,7124;;39,632;;;;;;;;;;;;;;;;;
c1_F20R47;F20R47;TCGAAGGCAGGC;PBU_86;16;232;47;R47;R47;Feces;sample;20;d20;24;d21;HF4;HF;Altromin 1314;PFOS;HF_PFOS;20_HF_PFOS;F20R47;no;6;1H2;c1;164;;;;;;;;;;;;;;;;;;;;775;;;;;
c4_C21R47;C21R47;AACCATCCGC;PBU_27;259;394;47;R47;R47;Cecum;sample;21;d21;24;d21;HF4;HF;Altromin 1314;PFOS;HF_PFOS;21_HF_PFOS;Ce21R47;yes;12;4C3;c4;136;;368,2;6,41;15,57;1,187;0,1172;2,2433256;34,24;2,144;13,23808717;;2,320674658;0,090391975;9,409031173;;0,204982204;;0,034556549;0,062209101;775;6,81;6,63;7,11;7,6;6,81
c3_F21R47;F21R47;CTGACCGAAC;PBU_10;233;276;47;R47;R47;Feces;sample;21;d21;24;d21;HF4;HF;Altromin 1314;PFOS;HF_PFOS;21_HF_PFOS;F21R47;yes;8;3A10;c3;82,4;;368,2;6,41;15,57;2,554;0,1172;2,2433256;34,24;2,144;;;;;;;;;;;775;;6,63;7,11;7,6;6,81
c4_Il21R47;Il21R47;TCCTGGCACATC;PBU_77;279;350;47;R47;R47;Ileum;sample;21;d21;24;d21;HF4;HF;Altromin 1314;PFOS;HF_PFOS;21_HF_PFOS;Il21R47;yes;11;4G5;c4;96,8;;368,2;6,41;15,57;;0,1172;2,2433256;34,24;2,144;;;;;;;;;;;775;7,6;6,63;7,11;7,6;6,81
c2_F0R48;F0R48;CTTGACACCGC;PBU_55;133;134;48;R48;R48;Feces;sample;0;d0;24;d21;HF4;HF;Altromin 1314;PFOS;HF_PFOS;0_HF_PFOS;F0R48;no;2;2E7;c2;27,5;;302;;;;;;;;;;;;;;;;;;;;;;;
c1_F8R48;F8R48;TTCCTGCTTCAC;PBU_74;15;188;48;R48;R48;Feces;sample;8;d08;24;d21;HF4;HF;Altromin 1314;PFOS;HF_PFOS;8_HF_PFOS;F8R48;yes;4;1G2;c1;159,6;;376;;;2,208;1,1864;;55,904;;;;;;;;;;;;456;;;;;
c4_F12R48;F12R48;CCTGAGATAC;PBU_25;243;236;48;R48;R48;Feces;sample;12;d12;24;d21;HF4;HF;Altromin 1314;PFOS;HF_PFOS;12_HF_PFOS;F12R48;no;6;4C1;c4;183,2;;403,7;;;1,892;;;;;;;;;;;;;;;;;;;;
c2_F16R48;F16R48;TCAGGAATAC;PBU_38;92;275;48;R48;R48;Feces;sample;16;d16;24;d21;HF4;HF;Altromin 1314;PFOS;HF_PFOS;16_HF_PFOS;F16R48;no;8;2D2;c2;134,4;;430,7;;;1,628;1,058;;43,2;;;;;;;;;;;;;;;;;
c1_F20R48;F20R48;CGAAGGCCACAC;PBU_82;79;222;48;R48;R48;Feces;sample;20;d20;24;d21;HF4;HF;Altromin 1314;PFOS;HF_PFOS;20_HF_PFOS;F20R48;no;5;1G10;c1;165,2;;;;;;;;;;;;;;;;;;;;874;;;;;
c2_C21R48;C21R48;TTCTCATTGAAC;PBU_49;85;306;48;R48;R48;Cecum;sample;21;d21;24;d21;HF4;HF;Altromin 1314;PFOS;HF_PFOS;21_HF_PFOS;Ce21R48;yes;9;2E1;c2;126,8;;452,1;10,061;18,273;1,1;0,1068;2,85204984;40,528;2,408;11,6136486;;4,168712122;;2,419279979;0,032778659;0,066199712;;0,018060113;;874;5,55;6,87;7,54;8,31;5,55
c4_F21R48;F21R48;CTGCAAGTTC;PBU_6;281;237;48;R48;R48;Feces;sample;21;d21;24;d21;HF4;HF;Altromin 1314;PFOS;HF_PFOS;21_HF_PFOS;F21R48;yes;6;4A6;c4;115,2;;452,1;10,061;18,273;1,335;0,1068;2,85204984;40,528;2,408;;;;;;;;;;;874;;6,87;7,54;8,31;5,55
c1_Il21R48;Il21R48;CAGCCAATTCTC;PBU_85;8;348;48;R48;R48;Ileum;sample;21;d21;24;d21;HF4;HF;Altromin 1314;PFOS;HF_PFOS;21_HF_PFOS;Il21R48;yes;10;1H1;c1;2,92;;452,1;10,061;18,273;;0,1068;2,85204984;40,528;2,408;;;;;;;;;;;874;8,31;6,87;7,54;8,31;5,55
c1_Mock-01;Mock-01;TAAGGAGAAC;PBU_2;9;Mock-01;;;;Mock;Mock;;;;;;;;;Mock;Mock;;;;1A2;c1;240;null;;;;;;;;;;;;;;;;;;;;;;;;
c1_Mock-02;Mock-02;TCTGGATGAC;PBU_16;26;Mock-02;;;;Mock;Mock;;;;;;;;;Mock;Mock;;;;1B4;c1;240;null;;;;;;;;;;;;;;;;;;;;;;;;
c1_Mock-03;Mock-03;TCCTAGAACAC;PBU_70;78;Mock-03;;;;Mock;Mock;;;;;;;;;Mock;Mock;;;;1F10;c1;240;null;;;;;;;;;;;;;;;;;;;;;;;;
c2_Mock-04;Mock-04;TCTAACGGAC;PBU_13;82;Mock-04;;;;Mock;Mock;;;;;;;;;Mock;Mock;;;;2B1;c2;240;null;;;;;;;;;;;;;;;;;;;;;;;;
c2_Mock-05;Mock-05;CCTGCCATTCGC;PBU_87;104;Mock-05;;;;Mock;Mock;;;;;;;;;Mock;Mock;;;;2H3;c2;240;null;;;;;;;;;;;;;;;;;;;;;;;;
c2_Mock-06;Mock-06;TTAAGCGGTC;PBU_45;148;Mock-06;;;;Mock;Mock;;;;;;;;;Mock;Mock;;;;2D9;c2;240;null;;;;;;;;;;;;;;;;;;;;;;;;
c3_Mock-07;Mock-07;TCAGGAATAC;PBU_38;172;Mock-07;;;;Mock;Mock;;;;;;;;;Mock;Mock;;;;3D2;c3;240;null;;;;;;;;;;;;;;;;;;;;;;;;
c3_Mock-08;Mock-08;CTGCAAGTTC;PBU_6;201;Mock-08;;;;Mock;Mock;;;;;;;;;Mock;Mock;;;;3A6;c3;240;null;;;;;;;;;;;;;;;;;;;;;;;;
c3_Mock-09;Mock-09;TTCAATTGGC;PBU_34;235;Mock-09;;;;Mock;Mock;;;;;;;;;Mock;Mock;;;;3C10;c3;240;null;;;;;;;;;;;;;;;;;;;;;;;;
c4_Mock-10;Mock-10;TCTAACGGAC;PBU_13;242;Mock-10;;;;Mock;Mock;;;;;;;;;Mock;Mock;;;;4B1;c4;240;null;;;;;;;;;;;;;;;;;;;;;;;;
c4_Mock-11;Mock-11;CAGATCCATC;PBU_20;298;Mock-11;;;;Mock;Mock;;;;;;;;;Mock;Mock;;;;4B8;c4;240;null;;;;;;;;;;;;;;;;;;;;;;;;
c4_Mock-12;Mock-12;TCTGGCAACGGC;PBU_69;310;Mock-12;;;;Mock;Mock;;;;;;;;;Mock;Mock;;;;4F9;c4;240;null;;;;;;;;;;;;;;;;;;;;;;;;
c1_WTRP-01;WTRP-01;TCTAACGGAC;PBU_13;2;WTRP-01;;;;WTRP;negative;;;;;;;;;negative;negative;;;;1B1;c1;0,089;null;;;;;;;;;;;;;;;;;;;;;;;;
c1_WTRP-02;WTRP-02;CTTCCATAAC;PBU_41;36;WTRP-02;;;;WTRP;negative;;;;;;;;;negative;negative;;;;1D5;c1;0,089;null;;;;;;;;;;;;;;;;;;;;;;;;
c1_WTRP-03;WTRP-03;TGAGGCTCCGAC;PBU_81;71;WTRP-03;;;;WTRP;negative;;;;;;;;;negative;negative;;;;1G9;c1;0,089;null;;;;;;;;;;;;;;;;;;;;;;;;
c2_WTRP-04;WTRP-04;TTGGAGTGTC;PBU_14;90;WTRP-04;;;;WTRP;negative;;;;;;;;;negative;negative;;;;2B2;c2;0,089;null;;;;;;;;;;;;;;;;;;;;;;;;
c2_WTRP-05;WTRP-05;TCCTGAATCTC;PBU_92;144;WTRP-05;;;;WTRP;negative;;;;;;;;;negative;negative;;;;2H8;c2;0,089;null;;;;;;;;;;;;;;;;;;;;;;;;
c2_WTRP-06;WTRP-06;TCCTAGAACAC;PBU_70;158;WTRP-06;;;;WTRP;negative;;;;;;;;;negative;negative;;;;2F10;c2;0,089;null;;;;;;;;;;;;;;;;;;;;;;;;
c3_WTRP-07;WTRP-07;CGATCGGTTC;PBU_37;164;WTRP-07;;;;WTRP;negative;;;;;;;;;negative;negative;;;;3D1;c3;0,089;null;;;;;;;;;;;;;;;;;;;;;;;;
c3_WTRP-08;WTRP-08;CTGAGTTCCGAC;PBU_76;191;WTRP-08;;;;WTRP;negative;;;;;;;;;negative;negative;;;;3G4;c3;0,089;null;;;;;;;;;;;;;;;;;;;;;;;;
c3_WTRP-09;WTRP-09;TCCACCTCCTC;PBU_67;214;WTRP-09;;;;WTRP;negative;;;;;;;;;negative;negative;;;;3F7;c3;0,089;null;;;;;;;;;;;;;;;;;;;;;;;;
c4_WTRP-10;WTRP-10;TACCAAGATC;PBU_4;265;WTRP-10;;;;WTRP;negative;;;;;;;;;negative;negative;;;;4A4;c4;0,089;null;;;;;;;;;;;;;;;;;;;;;;;;
c4_WTRP-11;WTRP-11;TTGGCATCTC;PBU_40;268;WTRP-11;;;;WTRP;negative;;;;;;;;;negative;negative;;;;4D4;c4;0,089;null;;;;;;;;;;;;;;;;;;;;;;;;
c4_WTRP-12;WTRP-12;CGGACAGATC;PBU_44;300;WTRP-12;;;;WTRP;negative;;;;;;;;;negative;negative;;;;4D8;c4;0,089;null;;;;;;;;;;;;;;;;;;;;;;;;
c1_WTRX-1;WTRX-1;TACCAAGATC;PBU_4;25;197;;;;WTRX;negative;;;;;;;;;negative;negative;;;4;1A4;c1;0,089;null;;;;;;;;;;;;;;;;;;;;;;;;
c1_WTRX-6;WTRX-6;TCGCATCGTTC;PBU_50;13;365;;;;WTRX;negative;;;;;;;;;negative;negative;;;11;1E2;c1;0,089;null;;;;;;;;;;;;;;;;;;;;;;;;
c2_WTRX-4;WTRX-4;CTAGGACATTC;PBU_88;112;279;;;;WTRX;negative;;;;;;;;;negative;negative;;;8;2H4;c2;0,089;null;;;;;;;;;;;;;;;;;;;;;;;;
c2_WTRX-5;WTRX-5;CTGAGTTCCGAC;PBU_76;111;302;;;;WTRX;negative;;;;;;;;;negative;negative;;;9;2G4;c2;0,089;null;;;;;;;;;;;;;;;;;;;;;;;;
c3_WTRX-2;WTRX-2;TGGAGCTTCCTC;PBU_57;229;198;;;;WTRX;negative;;;;;;;;;negative;negative;;;4;3E9;c3;0,089;null;;;;;;;;;;;;;;;;;;;;;;;;
c3_WTRX-3;WTRX-3;CAGATCCATC;PBU_20;218;238;;;;WTRX;negative;;;;;;;;;negative;negative;;;6;3B8;c3;0,089;null;;;;;;;;;;;;;;;;;;;;;;;;
c4_WTRX-7;WTRX-7;CTAGGACATTC;PBU_88;272;398;;;;WTRX;negative;;;;;;;;;negative;negative;;;12;4H4;c4;0,089;null;;;;;;;;;;;;;;;;;;;;;;;;
