sampleID,barcode,fwd_primer,pcr_tag,extract_tag,rat,type,control,day,group,feed,treatment,feed_treat,feed_treat_day,carmin,extract_batch,plate_location,plate_run,dna_conc
F8R39,CTAAGGTAAC,PBU_1,1,165,39,Feces,sample,8,4,Altromin,PFOS,altPF,8_altPF,1,3,1A1,C1,118
WTRP-01,TCTAACGGAC,PBU_13,2,WTRP-01,_ctrl,WTRP,negative,,_ctrl,,,_ctrl,_ctrl,,,1B1,C1,0.089
F0R42,CCTGAGATAC,PBU_25,3,142,42,Feces,sample,0,4,Altromin,PFOS,altPF,0_altPF,0,2,1C1,C1,39.6
Il21R20,CGATCGGTTC,PBU_37,4,325,20,Ileum,sample,21,2,AIN-93G,PFOS,ainPF,21_ainPF,1,10,1D1,C1,41.6
F21R19,TTCTCATTGAAC,PBU_49,5,216,19,Feces,sample,21,2,AIN-93G,PFOS,ainPF,21_ainPF,1,5,1.00E+01,C1,78.2
F21R42,TCCTAACATAAC,PBU_61,6,220,42,Feces,sample,21,4,Altromin,PFOS,altPF,21_altPF,1,5,1F1,C1,115.6
F16R22,TCACTCGGATC,PBU_73,7,207,22,Feces,sample,16,2,AIN-93G,PFOS,ainPF,16_ainPF,0,5,1G1,C1,40.8
Il21R48,CAGCCAATTCTC,PBU_85,8,348,48,Ileum,sample,21,4,Altromin,PFOS,altPF,21_altPF,1,10,1H1,C1,2.92
MOCK-01,TAAGGAGAAC,PBU_2,9,MOCK-01,_ctrl,MOCK,MOCK,,_ctrl,,,_ctrl,_ctrl,,,1A2,C1,0.089
F12R42,TTGGAGTGTC,PBU_14,10,274,42,Feces,sample,12,4,Altromin,PFOS,altPF,12_altPF,0,8,1B2,C1,137.6
F0R12,TTACAACCTC,PBU_26,11,140,12,Feces,sample,0,1,AIN-93G,CTRL,ainCT,0_ainCT,0,2,1C2,C1,27
Il8R29,TCAGGAATAC,PBU_38,12,396,29,Ileum,sample,8,3,Altromin,CTRL,altCT,8_altCT,1,12,1D2,C1,7.98
WTRX-6,TCGCATCGTTC,PBU_50,13,365,_ctrl,WTRX,negative,,_ctrl,,,_ctrl,_ctrl,,11,1.00E+02,C1,0.089
Il21R10,CGGACAATGGC,PBU_62,14,380,10,Ileum,sample,21,1,AIN-93G,CTRL,ainCT,21_ainCT,1,12,1F2,C1,3.16
F8R48,TTCCTGCTTCAC,PBU_74,15,188,48,Feces,sample,8,4,Altromin,PFOS,altPF,8_altPF,1,4,1G2,C1,159.6
F20R47,TCGAAGGCAGGC,PBU_86,16,232,47,Feces,sample,20,4,Altromin,PFOS,altPF,20_altPF,0,6,1H2,C1,164
F0R14,AAGAGGATTC,PBU_3,17,145,14,Feces,sample,0,2,AIN-93G,PFOS,ainPF,0_ainPF,0,2,1A3,C1,116
Il21R24,TCTAGAGGTC,PBU_15,18,339,24,Ileum,sample,21,2,AIN-93G,PFOS,ainPF,21_ainPF,1,10,1B3,C1,0.9
Il8R14,AACCATCCGC,PBU_27,19,331,14,Ileum,sample,8,2,AIN-93G,PFOS,ainPF,8_ainPF,1,10,1C3,C1,4.62
F8R46,CCTGGTTGTC,PBU_39,20,136,46,Feces,sample,8,4,Altromin,PFOS,altPF,8_altPF,1,2,1D3,C1,28
F0R33,TAAGCCATTGTC,PBU_51,21,109,33,Feces,sample,0,3,Altromin,CTRL,altCT,0_altCT,0,1,1.00E+03,C1,27
F8R36,TTGAGCCTATTC,PBU_63,22,160,36,Feces,sample,8,3,Altromin,CTRL,altCT,8_altCT,1,3,1F3,C1,240
F0R36,CCTTAGAGTTC,PBU_75,23,156,36,Feces,sample,0,3,Altromin,CTRL,altCT,0_altCT,0,3,1G3,C1,78.8
F21R46,CCTGCCATTCGC,PBU_87,24,221,46,Feces,sample,21,4,Altromin,PFOS,altPF,21_altPF,1,5,1H3,C1,102
WTRX-1,TACCAAGATC,PBU_4,25,197,_ctrl,WTRX,negative,,_ctrl,,,_ctrl,_ctrl,,4,1A4,C1,0.089
MOCK-02,TCTGGATGAC,PBU_16,26,MOCK-02,_ctrl,MOCK,MOCK,,_ctrl,,,_ctrl,_ctrl,,,1B4,C1,0.089
F0R35,ATCCGGAATC,PBU_28,27,115,35,Feces,sample,0,3,Altromin,CTRL,altCT,0_altCT,0,1,1C4,C1,28.5
F21R34,TTGGCATCTC,PBU_40,28,243,34,Feces,sample,21,3,Altromin,CTRL,altCT,21_altCT,1,6,1D4,C1,193.6
C8R03,AAGGAATCGTC,PBU_52,29,349,3,Cecum,sample,8,1,AIN-93G,CTRL,ainCT,8_ainCT,1,11,1.00E+04,C1,30.2
F16R08,CCGCATGGAAC,PBU_64,30,290,8,Feces,sample,16,1,AIN-93G,CTRL,ainCT,16_ainCT,0,8,1F4,C1,52.8
F20R20,CTGAGTTCCGAC,PBU_76,31,280,20,Feces,sample,20,2,AIN-93G,PFOS,ainPF,20_ainPF,0,8,1G4,C1,86
F0R06,CTAGGACATTC,PBU_88,32,170,6,Feces,sample,0,1,AIN-93G,CTRL,ainCT,0_ainCT,0,3,1H4,C1,99.4
F8R29,CAGAAGGAAC,PBU_5,33,127,29,Feces,sample,8,3,Altromin,CTRL,altCT,8_altCT,1,2,1A5,C1,28
F0R30,TCTATTCGTC,PBU_17,34,137,30,Feces,sample,0,3,Altromin,CTRL,altCT,0_altCT,0,2,1B5,C1,29.5
C21R12,TCGACCACTC,PBU_29,35,343,12,Cecum,sample,21,1,AIN-93G,CTRL,ainCT,21_ainCT,1,10,1C5,C1,86.2
WTRP-02,CTTCCATAAC,PBU_41,36,WTRP-02,_ctrl,WTRP,negative,,_ctrl,,,_ctrl,_ctrl,,,1D5,C1,0.089
F20R33,CTTGAGAATGTC,PBU_53,37,253,33,Feces,sample,20,3,Altromin,CTRL,altCT,20_altCT,0,7,1.00E+05,C1,126
F12R09,CTGGCAATCCTC,PBU_65,38,261,9,Feces,sample,12,1,AIN-93G,CTRL,ainCT,12_ainCT,0,7,1F5,C1,54
F8R09,TCCTGGCACATC,PBU_77,39,194,9,Feces,sample,8,1,AIN-93G,CTRL,ainCT,8_ainCT,1,4,1G5,C1,48.8
F16R21,CCAGCCTCAAC,PBU_89,40,240,21,Feces,sample,16,2,AIN-93G,PFOS,ainPF,16_ainPF,0,6,1H5,C1,102
C8R16,CTGCAAGTTC,PBU_6,41,312,16,Cecum,sample,8,2,AIN-93G,PFOS,ainPF,8_ainPF,1,9,1A6,C1,98
F0R24,AGGCAATTGC,PBU_18,42,151,24,Feces,sample,0,2,AIN-93G,PFOS,ainPF,0_ainPF,0,3,1B6,C1,66.2
F8R12,CGAGGTTATC,PBU_30,43,108,12,Feces,sample,8,1,AIN-93G,CTRL,ainCT,8_ainCT,1,1,1C6,C1,28.5
F0R15,TTGGCTGGAC,PBU_42,44,172,15,Feces,sample,0,2,AIN-93G,PFOS,ainPF,0_ainPF,0,3,1D6,C1,126.4
F16R33,TGGAGGACGGAC,PBU_54,45,231,33,Feces,sample,16,3,Altromin,CTRL,altCT,16_altCT,0,6,1.00E+06,C1,140.4
F8R34,CCGGAGAATCGC,PBU_66,46,187,34,Feces,sample,8,3,Altromin,CTRL,altCT,8_altCT,1,4,1F6,C1,204
F0R40,CCGCAATCATC,PBU_78,47,169,40,Feces,sample,0,4,Altromin,PFOS,altPF,0_altPF,0,3,1G6,C1,106.8
Il8R15,CTTGGTTATTC,PBU_90,48,313,15,Ileum,sample,8,2,AIN-93G,PFOS,ainPF,8_ainPF,1,9,1H6,C1,4.13
F0R08,TTCGTGATTC,PBU_7,49,141,8,Feces,sample,0,1,AIN-93G,CTRL,ainCT,0_ainCT,0,2,1A7,C1,27.5
Il8R37,TTAGTCGGAC,PBU_19,50,387,37,Ileum,sample,8,4,Altromin,PFOS,altPF,8_altPF,1,12,1B7,C1,2.66
F16R20,TCCAAGCTGC,PBU_31,51,263,20,Feces,sample,16,2,AIN-93G,PFOS,ainPF,16_ainPF,0,7,1C7,C1,76.8
F0R07,TCCGACAAGC,PBU_43,52,102,7,Feces,sample,0,1,AIN-93G,CTRL,ainCT,0_ainCT,0,1,1D7,C1,28.5
F0R47,CTTGACACCGC,PBU_55,53,133,47,Feces,sample,0,4,Altromin,PFOS,altPF,0_altPF,0,2,1.00E+07,C1,25.5
F8R18,TCCACCTCCTC,PBU_67,54,191,18,Feces,sample,8,2,AIN-93G,PFOS,ainPF,8_ainPF,1,4,1F7,C1,36.8
F21R23,TTCCTACCAGTC,PBU_79,55,228,23,Feces,sample,21,2,AIN-93G,PFOS,ainPF,21_ainPF,1,6,1G7,C1,44
F12R19,CCGAACACTTC,PBU_91,56,286,19,Feces,sample,12,2,AIN-93G,PFOS,ainPF,12_ainPF,0,8,1H7,C1,42.8
F0R04,TTCCGATAAC,PBU_8,57,182,4,Feces,sample,0,1,AIN-93G,CTRL,ainCT,0_ainCT,0,4,1A8,C1,92.2
Il21R32,CAGATCCATC,PBU_20,58,393,32,Ileum,sample,21,3,Altromin,CTRL,altCT,21_altCT,1,12,1B8,C1,5.56
F0R09,TCTTACACAC,PBU_32,59,185,9,Feces,sample,0,1,AIN-93G,CTRL,ainCT,0_ainCT,0,4,1C8,C1,138
F8R22,CGGACAGATC,PBU_44,60,154,22,Feces,sample,8,2,AIN-93G,PFOS,ainPF,8_ainPF,1,3,1D8,C1,91.6
C21R33,TTGGAGGCCAGC,PBU_56,61,308,33,Cecum,sample,21,3,Altromin,CTRL,altCT,21_altCT,1,9,1.00E+08,C1,107.2
Il21R22,CAGCATTAATTC,PBU_68,62,334,22,Ileum,sample,21,2,AIN-93G,PFOS,ainPF,21_ainPF,1,10,1F8,C1,43.8
F12R33,TCAAGAAGTTC,PBU_80,63,227,33,Feces,sample,12,3,Altromin,CTRL,altCT,12_altCT,0,6,1G8,C1,146.8
C21R08,TCCTGAATCTC,PBU_92,64,301,8,Cecum,sample,21,1,AIN-93G,CTRL,ainCT,21_ainCT,1,9,1H8,C1,44.8
F0R45,TGAGCGGAAC,PBU_9,65,181,45,Feces,sample,0,4,Altromin,PFOS,altPF,0_altPF,0,4,1A9,C1,240
F0R28,TCGCAATTAC,PBU_21,66,167,28,Feces,sample,0,3,Altromin,CTRL,altCT,0_altCT,0,3,1B9,C1,106
F16R36,AGCACGAATC,PBU_33,67,246,36,Feces,sample,16,3,Altromin,CTRL,altCT,16_altCT,0,6,1C9,C1,224
C21R24,TTAAGCGGTC,PBU_45,68,337,24,Cecum,sample,21,2,AIN-93G,PFOS,ainPF,21_ainPF,1,10,1D9,C1,114
C21R34,TGGAGCTTCCTC,PBU_57,69,369,34,Cecum,sample,21,3,Altromin,CTRL,altCT,21_altCT,1,11,1.00E+09,C1,231
F8R17,TCTGGCAACGGC,PBU_69,70,147,17,Feces,sample,8,2,AIN-93G,PFOS,ainPF,8_ainPF,1,2,1F9,C1,48.8
WTRP-03,TGAGGCTCCGAC,PBU_81,71,WTRP-03,_ctrl,WTRP,negative,,_ctrl,,,_ctrl,_ctrl,,,1G9,C1,0.089
F0R38,CTAACCACGGC,PBU_93,72,186,38,Feces,sample,0,4,Altromin,PFOS,altPF,0_altPF,0,4,1H9,C1,150.8
F8R40,CTGACCGAAC,PBU_10,73,153,40,Feces,sample,8,4,Altromin,PFOS,altPF,8_altPF,1,3,1A10,C1,30
F0R44,TTCGAGACGC,PBU_22,74,114,44,Feces,sample,0,4,Altromin,PFOS,altPF,0_altPF,0,1,1B10,C1,123.2
C21R44,TTCAATTGGC,PBU_34,75,373,44,Cecum,sample,21,4,Altromin,PFOS,altPF,21_altPF,1,12,1C10,C1,54.8
Il21R44,TAACAATCGGC,PBU_46,76,374,44,Ileum,sample,21,4,Altromin,PFOS,altPF,21_altPF,1,12,1D10,C1,6.84
C8R28,TCAGTCCGAAC,PBU_58,77,346,28,Cecum,sample,8,3,Altromin,CTRL,altCT,8_altCT,1,10,1.00E+10,C1,170.8
MOCK-03,TCCTAGAACAC,PBU_70,78,MOCK-03,_ctrl,MOCK,MOCK,,_ctrl,,,_ctrl,_ctrl,,,1F10,C1,0.089
F20R48,CGAAGGCCACAC,PBU_82,79,222,48,Feces,sample,20,4,Altromin,PFOS,altPF,20_altPF,0,5,1G10,C1,165.2
F20R36,CGGAAGGATGC,PBU_94,80,254,36,Feces,sample,20,3,Altromin,CTRL,altCT,20_altCT,0,7,1H10,C1,176.8
F20R35,CTAAGGTAAC,PBU_1,81,247,35,Feces,sample,20,3,Altromin,CTRL,altCT,20_altCT,0,6,2A1,C2,232
MOCK-04,TCTAACGGAC,PBU_13,82,MOCK-04,_ctrl,MOCK,MOCK,,_ctrl,,,_ctrl,_ctrl,,,2B1,C2,0.089
C21R32,CCTGAGATAC,PBU_25,83,335,32,Cecum,sample,21,3,Altromin,CTRL,altCT,21_altCT,1,10,2C1,C2,179.2
C8R06,CGATCGGTTC,PBU_37,84,362,6,Cecum,sample,8,1,AIN-93G,CTRL,ainCT,8_ainCT,1,11,2D1,C2,34.4
C21R48,TTCTCATTGAAC,PBU_49,85,306,48,Cecum,sample,21,4,Altromin,PFOS,altPF,21_altPF,1,9,2.00E+01,C2,126.8
F8R43,TCCTAACATAAC,PBU_61,86,195,43,Feces,sample,8,4,Altromin,PFOS,altPF,8_altPF,1,4,2F1,C2,91.6
F20R45,TCACTCGGATC,PBU_73,87,285,45,Feces,sample,20,4,Altromin,PFOS,altPF,20_altPF,0,8,2G1,C2,124
C21R46,CAGCCAATTCTC,PBU_85,88,341,46,Cecum,sample,21,4,Altromin,PFOS,altPF,21_altPF,1,10,2H1,C2,165.2
F20R24,TAAGGAGAAC,PBU_2,89,292,24,Feces,sample,20,2,AIN-93G,PFOS,ainPF,20_ainPF,0,8,2A2,C2,110.8
WTRP-04,TTGGAGTGTC,PBU_14,90,WTRP-04,_ctrl,WTRP,negative,,_ctrl,,,_ctrl,_ctrl,,,2B2,C2,0.089
C8R42,TTACAACCTC,PBU_26,91,327,42,Cecum,sample,8,4,Altromin,PFOS,altPF,8_altPF,1,10,2C2,C2,212
F16R48,TCAGGAATAC,PBU_38,92,275,48,Feces,sample,16,4,Altromin,PFOS,altPF,16_altPF,0,8,2D2,C2,134.4
F8R41,TCGCATCGTTC,PBU_50,93,155,41,Feces,sample,8,4,Altromin,PFOS,altPF,8_altPF,1,3,2.00E+02,C2,240
C21R22,CGGACAATGGC,PBU_62,94,345,22,Cecum,sample,21,2,AIN-93G,PFOS,ainPF,21_ainPF,1,10,2F2,C2,64
C21R23,TTCCTGCTTCAC,PBU_74,95,360,23,Cecum,sample,21,2,AIN-93G,PFOS,ainPF,21_ainPF,1,11,2G2,C2,120
F0R18,TCGAAGGCAGGC,PBU_86,96,193,18,Feces,sample,0,2,AIN-93G,PFOS,ainPF,0_ainPF,0,4,2H2,C2,94.4
F12R23,AAGAGGATTC,PBU_3,97,218,23,Feces,sample,12,2,AIN-93G,PFOS,ainPF,12_ainPF,0,5,2A3,C2,71.4
F21R36,TCTAGAGGTC,PBU_15,98,214,36,Feces,sample,21,3,Altromin,CTRL,altCT,21_altCT,1,5,2B3,C2,115.2
F0R17,AACCATCCGC,PBU_27,99,166,17,Feces,sample,0,2,AIN-93G,PFOS,ainPF,0_ainPF,0,3,2C3,C2,120
F21R10,CCTGGTTGTC,PBU_39,100,259,10,Feces,sample,21,1,AIN-93G,CTRL,ainCT,21_ainCT,1,7,2D3,C2,184
Il8R04,TAAGCCATTGTC,PBU_51,101,310,4,Ileum,sample,8,1,AIN-93G,CTRL,ainCT,8_ainCT,1,9,2.00E+03,C2,66.4
C21R36,TTGAGCCTATTC,PBU_63,102,342,36,Cecum,sample,21,3,Altromin,CTRL,altCT,21_altCT,1,10,2F3,C2,114
C21R20,CCTTAGAGTTC,PBU_75,103,391,20,Cecum,sample,21,2,AIN-93G,PFOS,ainPF,21_ainPF,1,12,2G3,C2,63.6
MOCK-05,CCTGCCATTCGC,PBU_87,104,MOCK-05,_ctrl,MOCK,MOCK,,_ctrl,,,_ctrl,_ctrl,,,2H3,C2,0.089
C8R02,TACCAAGATC,PBU_4,105,363,2,Cecum,sample,8,1,AIN-93G,CTRL,ainCT,8_ainCT,1,11,2A4,C2,72
F0R20,TCTGGATGAC,PBU_16,106,130,20,Feces,sample,0,2,AIN-93G,PFOS,ainPF,0_ainPF,0,2,2B4,C2,75.4
F8R16,ATCCGGAATC,PBU_28,107,180,16,Feces,sample,8,2,AIN-93G,PFOS,ainPF,8_ainPF,1,4,2C4,C2,108.8
C8R05,TTGGCATCTC,PBU_40,108,320,5,Cecum,sample,8,1,AIN-93G,CTRL,ainCT,8_ainCT,1,9,2D4,C2,26
F0R01,AAGGAATCGTC,PBU_52,109,171,1,Feces,sample,0,1,AIN-93G,CTRL,ainCT,0_ainCT,0,3,2.00E+04,C2,45.8
F12R47,CCGCATGGAAC,PBU_64,110,262,47,Feces,sample,12,4,Altromin,PFOS,altPF,12_altPF,0,7,2F4,C2,91.2
WTRX-5,CTGAGTTCCGAC,PBU_76,111,302,_ctrl,WTRX,negative,,_ctrl,,,_ctrl,_ctrl,,9,2G4,C2,0.089
WTRX-4,CTAGGACATTC,PBU_88,112,279,_ctrl,WTRX,negative,,_ctrl,,,_ctrl,_ctrl,,8,2H4,C2,0.089
Il8R28,CAGAAGGAAC,PBU_5,113,392,28,Ileum,sample,8,3,Altromin,CTRL,altCT,8_altCT,1,12,2A5,C2,3.9
F8R42,TCTATTCGTC,PBU_17,114,119,42,Feces,sample,8,4,Altromin,PFOS,altPF,8_altPF,1,1,2B5,C2,28.5
F16R19,TCGACCACTC,PBU_29,115,223,19,Feces,sample,16,2,AIN-93G,PFOS,ainPF,16_ainPF,0,5,2C5,C2,78.8
C21R19,CTTCCATAAC,PBU_41,116,321,19,Cecum,sample,21,2,AIN-93G,PFOS,ainPF,21_ainPF,1,9,2D5,C2,88.6
F8R20,CTTGAGAATGTC,PBU_53,117,149,20,Feces,sample,8,2,AIN-93G,PFOS,ainPF,8_ainPF,1,3,2.00E+05,C2,71
F20R19,CTGGCAATCCTC,PBU_65,118,219,19,Feces,sample,20,2,AIN-93G,PFOS,ainPF,20_ainPF,0,5,2F5,C2,53.6
F21R21,TCCTGGCACATC,PBU_77,119,287,21,Feces,sample,21,2,AIN-93G,PFOS,ainPF,21_ainPF,1,8,2G5,C2,52
Il21R33,CCAGCCTCAAC,PBU_89,120,382,33,Ileum,sample,21,3,Altromin,CTRL,altCT,21_altCT,1,12,2H5,C2,13.5
C21R11,CTGCAAGTTC,PBU_6,121,319,11,Cecum,sample,21,1,AIN-93G,CTRL,ainCT,21_ainCT,1,9,2A6,C2,86
F21R20,AGGCAATTGC,PBU_18,122,241,20,Feces,sample,21,2,AIN-93G,PFOS,ainPF,21_ainPF,1,6,2B6,C2,20.6
F0R05,CGAGGTTATC,PBU_30,123,143,5,Feces,sample,0,1,AIN-93G,CTRL,ainCT,0_ainCT,0,2,2C6,C2,29
F20R32,TTGGCTGGAC,PBU_42,124,251,32,Feces,sample,20,3,Altromin,CTRL,altCT,20_altCT,0,7,2D6,C2,164
F8R44,TGGAGGACGGAC,PBU_54,125,163,44,Feces,sample,8,4,Altromin,PFOS,altPF,8_altPF,1,3,2.00E+06,C2,134.4
Il21R31,CCGGAGAATCGC,PBU_66,126,364,31,Ileum,sample,21,3,Altromin,CTRL,altCT,21_altCT,1,11,2F6,C2,23.2
F8R02,CCGCAATCATC,PBU_78,127,164,2,Feces,sample,8,1,AIN-93G,CTRL,ainCT,8_ainCT,1,3,2G6,C2,85.8
Il21R45,CTTGGTTATTC,PBU_90,128,359,45,Ileum,sample,21,4,Altromin,PFOS,altPF,21_altPF,1,11,2H6,C2,13.1
F12R45,TTCGTGATTC,PBU_7,129,273,45,Feces,sample,12,4,Altromin,PFOS,altPF,12_altPF,0,8,2A7,C2,100.4
F12R31,TTAGTCGGAC,PBU_19,130,235,31,Feces,sample,12,3,Altromin,CTRL,altCT,12_altCT,0,6,2B7,C2,104
F16R42,TCCAAGCTGC,PBU_31,131,277,42,Feces,sample,16,4,Altromin,PFOS,altPF,16_altPF,0,8,2C7,C2,157.2
F20R09,TCCGACAAGC,PBU_43,132,252,9,Feces,sample,20,1,AIN-93G,CTRL,ainCT,20_ainCT,0,7,2D7,C2,91.6
F0R48,CTTGACACCGC,PBU_55,133,134,48,Feces,sample,0,4,Altromin,PFOS,altPF,0_altPF,0,2,2.00E+07,C2,27.5
F0R19,TCCACCTCCTC,PBU_67,134,125,19,Feces,sample,0,2,AIN-93G,PFOS,ainPF,0_ainPF,0,2,2F7,C2,50.4
Il21R21,TTCCTACCAGTC,PBU_79,135,329,21,Ileum,sample,21,2,AIN-93G,PFOS,ainPF,21_ainPF,1,10,2G7,C2,0.296
F8R31,CCGAACACTTC,PBU_91,136,158,31,Feces,sample,8,3,Altromin,CTRL,altCT,8_altCT,1,3,2H7,C2,138
F16R45,TTCCGATAAC,PBU_8,137,250,45,Feces,sample,16,4,Altromin,PFOS,altPF,16_altPF,0,7,2A8,C2,72.8
Il8R30,CAGATCCATC,PBU_20,138,326,30,Ileum,sample,8,3,Altromin,CTRL,altCT,8_altCT,1,10,2B8,C2,6.58
F0R43,TCTTACACAC,PBU_32,139,175,43,Feces,sample,0,4,Altromin,PFOS,altPF,0_altPF,0,4,2C8,C2,126
Il21R36,CGGACAGATC,PBU_44,140,371,36,Ileum,sample,21,3,Altromin,CTRL,altCT,21_altCT,1,11,2D8,C2,120
Il8R03,TTGGAGGCCAGC,PBU_56,141,372,3,Ileum,sample,8,1,AIN-93G,CTRL,ainCT,8_ainCT,1,11,2.00E+08,C2,13
C21R45,CAGCATTAATTC,PBU_68,142,328,45,Cecum,sample,21,4,Altromin,PFOS,altPF,21_altPF,1,10,2F8,C2,102
F0R34,TCAAGAAGTTC,PBU_80,143,139,34,Feces,sample,0,3,Altromin,CTRL,altCT,0_altCT,0,2,2G8,C2,29.5
WTRP-05,TCCTGAATCTC,PBU_92,144,WTRP-05,_ctrl,WTRP,negative,,_ctrl,,,_ctrl,_ctrl,,,2H8,C2,0.089
Il21R43,TGAGCGGAAC,PBU_9,145,330,43,Ileum,sample,21,4,Altromin,PFOS,altPF,21_altPF,1,10,2A9,C2,7.06
F12R07,TCGCAATTAC,PBU_21,146,296,7,Feces,sample,12,1,AIN-93G,CTRL,ainCT,12_ainCT,0,8,2B9,C2,50
F20R10,AGCACGAATC,PBU_33,147,210,10,Feces,sample,20,1,AIN-93G,CTRL,ainCT,20_ainCT,0,5,2C9,C2,102.8
MOCK-06,TTAAGCGGTC,PBU_45,148,MOCK-06,_ctrl,MOCK,MOCK,,_ctrl,,,_ctrl,_ctrl,,,2D9,C2,0.089
F21R24,TGGAGCTTCCTC,PBU_57,149,270,24,Feces,sample,21,2,AIN-93G,PFOS,ainPF,21_ainPF,1,7,2.00E+09,C2,157.6
F0R37,TCTGGCAACGGC,PBU_69,150,148,37,Feces,sample,0,4,Altromin,PFOS,altPF,0_altPF,0,2,2F9,C2,116
Il8R18,TGAGGCTCCGAC,PBU_81,151,304,18,Ileum,sample,8,2,AIN-93G,PFOS,ainPF,8_ainPF,1,9,2G9,C2,0.5
Il21R09,CTAACCACGGC,PBU_93,152,368,9,Ileum,sample,21,1,AIN-93G,CTRL,ainCT,21_ainCT,1,11,2H9,C2,3.24
F20R34,CTGACCGAAC,PBU_10,153,266,34,Feces,sample,20,3,Altromin,CTRL,altCT,20_altCT,0,7,2A10,C2,204
F0R29,TTCGAGACGC,PBU_22,154,101,29,Feces,sample,0,3,Altromin,CTRL,altCT,0_altCT,0,1,2B10,C2,27
F0R39,TTCAATTGGC,PBU_34,155,111,39,Feces,sample,0,4,Altromin,PFOS,altPF,0_altPF,0,1,2C10,C2,29.5
F8R47,TAACAATCGGC,PBU_46,156,118,47,Feces,sample,8,4,Altromin,PFOS,altPF,8_altPF,1,1,2D10,C2,27.5
F0R25,TCAGTCCGAAC,PBU_58,157,183,25,Feces,sample,0,3,Altromin,CTRL,altCT,0_altCT,0,4,2.00E+10,C2,95
WTRP-06,TCCTAGAACAC,PBU_70,158,WTRP-06,_ctrl,WTRP,negative,,_ctrl,,,_ctrl,_ctrl,,,2F10,C2,0.089
F8R35,CGAAGGCCACAC,PBU_82,159,129,35,Feces,sample,8,3,Altromin,CTRL,altCT,8_altCT,1,2,2G10,C2,28
F0R13,CGGAAGGATGC,PBU_94,160,150,13,Feces,sample,0,2,AIN-93G,PFOS,ainPF,0_ainPF,0,3,2H10,C2,106
F16R47,CTAAGGTAAC,PBU_1,161,225,47,Feces,sample,16,4,Altromin,PFOS,altPF,16_altPF,0,6,3A1,C3,104
C8R15,TCTAACGGAC,PBU_13,162,315,15,Cecum,sample,8,2,AIN-93G,PFOS,ainPF,8_ainPF,1,9,3B1,C3,29
C8R37,CCTGAGATAC,PBU_25,163,377,37,Cecum,sample,8,4,Altromin,PFOS,altPF,8_altPF,1,12,3C1,C3,170.4
WTRP-07,CGATCGGTTC,PBU_37,164,WTRP-07,_ctrl,WTRP,negative,,_ctrl,,,_ctrl,_ctrl,,,3D1,C3,0.089
F21R45,TTCTCATTGAAC,PBU_49,165,255,45,Feces,sample,21,4,Altromin,PFOS,altPF,21_altPF,1,7,3.00E+01,C3,155.6
F21R31,TCCTAACATAAC,PBU_61,166,293,31,Feces,sample,21,3,Altromin,CTRL,altCT,21_altCT,1,8,3F1,C3,184.8
F21R22,TCACTCGGATC,PBU_73,167,297,22,Feces,sample,21,2,AIN-93G,PFOS,ainPF,21_ainPF,1,8,3G1,C3,61.2
Il8R42,CAGCCAATTCTC,PBU_85,168,395,42,Ileum,sample,8,4,Altromin,PFOS,altPF,8_altPF,1,12,3H1,C3,3.4
Il8R38,TAAGGAGAAC,PBU_2,169,381,38,Ileum,sample,8,4,Altromin,PFOS,altPF,8_altPF,1,12,3A2,C3,1.33
F8R27,TTGGAGTGTC,PBU_14,170,144,27,Feces,sample,8,3,Altromin,CTRL,altCT,8_altCT,1,2,3B2,C3,49.4
Il8R26,TTACAACCTC,PBU_26,171,383,26,Ileum,sample,8,3,Altromin,CTRL,altCT,8_altCT,1,12,3C2,C3,2
MOCK-07,TCAGGAATAC,PBU_38,172,MOCK-07,_ctrl,MOCK,MOCK,,_ctrl,,,_ctrl,_ctrl,,,3D2,C3,0.089
F8R14,TCGCATCGTTC,PBU_50,173,179,14,Feces,sample,8,2,AIN-93G,PFOS,ainPF,8_ainPF,1,4,3.00E+02,C3,53.2
C8R38,CGGACAATGGC,PBU_62,174,356,38,Cecum,sample,8,4,Altromin,PFOS,altPF,8_altPF,1,11,3F2,C3,144.8
Il21R11,TTCCTGCTTCAC,PBU_74,175,352,11,Ileum,sample,21,1,AIN-93G,CTRL,ainCT,21_ainCT,1,11,3G2,C3,2
C21R31,TCGAAGGCAGGC,PBU_86,176,307,31,Cecum,sample,21,3,Altromin,CTRL,altCT,21_altCT,1,9,3H2,C3,148.4
Il21R08,AAGAGGATTC,PBU_3,177,347,8,Ileum,sample,21,1,AIN-93G,CTRL,ainCT,21_ainCT,1,10,3A3,C3,17.5
F8R10,TCTAGAGGTC,PBU_15,178,131,10,Feces,sample,8,1,AIN-93G,CTRL,ainCT,8_ainCT,1,2,3B3,C3,27
C21R43,AACCATCCGC,PBU_27,179,379,43,Cecum,sample,21,4,Altromin,PFOS,altPF,21_altPF,1,12,3C3,C3,172.4
F12R11,CCTGGTTGTC,PBU_39,180,233,11,Feces,sample,12,1,AIN-93G,CTRL,ainCT,12_ainCT,0,6,3D3,C3,76.6
C8R25,TAAGCCATTGTC,PBU_51,181,303,25,Cecum,sample,8,3,Altromin,CTRL,altCT,8_altCT,1,9,3.00E+03,C3,140
F8R13,TTGAGCCTATTC,PBU_63,182,120,13,Feces,sample,8,2,AIN-93G,PFOS,ainPF,8_ainPF,1,1,3F3,C3,26.5
F0R21,CCTTAGAGTTC,PBU_75,183,104,21,Feces,sample,0,2,AIN-93G,PFOS,ainPF,0_ainPF,0,1,3G3,C3,24.3
F16R32,CCTGCCATTCGC,PBU_87,184,212,32,Feces,sample,16,3,Altromin,CTRL,altCT,16_altCT,0,5,3H3,C3,102.8
C8R01,TACCAAGATC,PBU_4,185,344,1,Cecum,sample,8,1,AIN-93G,CTRL,ainCT,8_ainCT,1,10,3A4,C3,45.8
C8R41,TCTGGATGAC,PBU_16,186,357,41,Cecum,sample,8,4,Altromin,PFOS,altPF,8_altPF,1,11,3B4,C3,208
F16R34,ATCCGGAATC,PBU_28,187,265,34,Feces,sample,16,3,Altromin,CTRL,altCT,16_altCT,0,7,3C4,C3,165.6
Il8R25,TTGGCATCTC,PBU_40,188,317,25,Ileum,sample,8,3,Altromin,CTRL,altCT,8_altCT,1,9,3D4,C3,21.4
C21R07,AAGGAATCGTC,PBU_52,189,324,7,Cecum,sample,21,1,AIN-93G,CTRL,ainCT,21_ainCT,1,9,3.00E+04,C3,71
Il8R16,CCGCATGGAAC,PBU_64,190,338,16,Ileum,sample,8,2,AIN-93G,PFOS,ainPF,8_ainPF,1,10,3F4,C3,0.38
WTRP-08,CTGAGTTCCGAC,PBU_76,191,WTRP-08,_ctrl,WTRP,negative,,_ctrl,,,_ctrl,_ctrl,,,3G4,C3,0.089
F0R26,CTAGGACATTC,PBU_88,192,124,26,Feces,sample,0,3,Altromin,CTRL,altCT,0_altCT,0,1,3H4,C3,50.2
F8R19,CAGAAGGAAC,PBU_5,193,122,19,Feces,sample,8,2,AIN-93G,PFOS,ainPF,8_ainPF,1,1,3A5,C3,22.8
C8R29,TCTATTCGTC,PBU_17,194,358,29,Cecum,sample,8,3,Altromin,CTRL,altCT,8_altCT,1,11,3B5,C3,156.8
F12R10,TCGACCACTC,PBU_29,195,202,10,Feces,sample,12,1,AIN-93G,CTRL,ainCT,12_ainCT,0,5,3C5,C3,44.6
Il21R35,CTTCCATAAC,PBU_41,196,314,35,Ileum,sample,21,3,Altromin,CTRL,altCT,21_altCT,1,9,3D5,C3,14.7
F8R06,CTTGAGAATGTC,PBU_53,197,152,6,Feces,sample,8,1,AIN-93G,CTRL,ainCT,8_ainCT,1,3,3.00E+05,C3,27.6
F8R26,CTGGCAATCCTC,PBU_65,198,189,26,Feces,sample,8,3,Altromin,CTRL,altCT,8_altCT,1,4,3F5,C3,131.2
F8R04,TCCTGGCACATC,PBU_77,199,117,4,Feces,sample,8,1,AIN-93G,CTRL,ainCT,8_ainCT,1,1,3G5,C3,21.7
F16R07,CCAGCCTCAAC,PBU_89,200,267,7,Feces,sample,16,1,AIN-93G,CTRL,ainCT,16_ainCT,0,7,3H5,C3,71.2
MOCK-08,CTGCAAGTTC,PBU_6,201,MOCK-08,_ctrl,MOCK,MOCK,,_ctrl,,,_ctrl,_ctrl,,,3A6,C3,0.089
F21R12,AGGCAATTGC,PBU_18,202,271,12,Feces,sample,21,1,AIN-93G,CTRL,ainCT,21_ainCT,1,7,3B6,C3,48
F8R24,CGAGGTTATC,PBU_30,203,106,24,Feces,sample,8,2,AIN-93G,PFOS,ainPF,8_ainPF,1,1,3C6,C3,23.7
Il21R07,TTGGCTGGAC,PBU_42,204,378,7,Ileum,sample,21,1,AIN-93G,CTRL,ainCT,21_ainCT,1,12,3D6,C3,8.24
F20R11,TGGAGGACGGAC,PBU_54,205,295,11,Feces,sample,20,1,AIN-93G,CTRL,ainCT,20_ainCT,0,8,3.00E+06,C3,100
F20R12,CCGGAGAATCGC,PBU_66,206,272,12,Feces,sample,20,1,AIN-93G,CTRL,ainCT,20_ainCT,0,7,3F6,C3,86.8
C21R09,CCGCAATCATC,PBU_78,207,340,9,Cecum,sample,21,1,AIN-93G,CTRL,ainCT,21_ainCT,1,10,3G6,C3,122.8
F8R07,CTTGGTTATTC,PBU_90,208,116,7,Feces,sample,8,1,AIN-93G,CTRL,ainCT,8_ainCT,1,1,3H6,C3,29
F12R21,TTCGTGATTC,PBU_7,209,258,21,Feces,sample,12,2,AIN-93G,PFOS,ainPF,12_ainPF,0,7,3A7,C3,70
C8R27,TTAGTCGGAC,PBU_19,210,354,27,Cecum,sample,8,3,Altromin,CTRL,altCT,8_altCT,1,11,3B7,C3,73.4
F16R12,TCCAAGCTGC,PBU_31,211,230,12,Feces,sample,16,1,AIN-93G,CTRL,ainCT,16_ainCT,0,6,3C7,C3,79
F21R09,TCCGACAAGC,PBU_43,212,242,9,Feces,sample,21,1,AIN-93G,CTRL,ainCT,21_ainCT,1,6,3D7,C3,151.6
Il8R41,CTTGACACCGC,PBU_55,213,397,41,Ileum,sample,8,4,Altromin,PFOS,altPF,8_altPF,1,12,3.00E+07,C3,41.2
WTRP-09,TCCACCTCCTC,PBU_67,214,WTRP-09,_ctrl,WTRP,negative,,_ctrl,,,_ctrl,_ctrl,,,3F7,C3,0.089
Il8R13,TTCCTACCAGTC,PBU_79,215,388,13,Ileum,sample,8,2,AIN-93G,PFOS,ainPF,8_ainPF,1,12,3G7,C3,1.93
C8R39,CCGAACACTTC,PBU_91,216,361,39,Cecum,sample,8,4,Altromin,PFOS,altPF,8_altPF,1,11,3H7,C3,87.4
F12R20,TTCCGATAAC,PBU_8,217,282,20,Feces,sample,12,2,AIN-93G,PFOS,ainPF,12_ainPF,0,8,3A8,C3,47.2
WTRX-3,CAGATCCATC,PBU_20,218,238,_ctrl,WTRX,negative,,_ctrl,,,_ctrl,_ctrl,,6,3B8,C3,0.089
C21R35,TCTTACACAC,PBU_32,219,376,35,Cecum,sample,21,3,Altromin,CTRL,altCT,21_altCT,1,12,3C8,C3,204
F12R08,CGGACAGATC,PBU_44,220,291,8,Feces,sample,12,1,AIN-93G,CTRL,ainCT,12_ainCT,0,8,3D8,C3,51.6
F0R23,TTGGAGGCCAGC,PBU_56,221,126,23,Feces,sample,0,2,AIN-93G,PFOS,ainPF,0_ainPF,0,2,3.00E+08,C3,67.2
F0R41,CAGCATTAATTC,PBU_68,222,190,41,Feces,sample,0,4,Altromin,PFOS,altPF,0_altPF,0,4,3F8,C3,133.6
F12R22,TCAAGAAGTTC,PBU_80,223,239,22,Feces,sample,12,2,AIN-93G,PFOS,ainPF,12_ainPF,0,6,3G8,C3,87.6
F16R31,TCCTGAATCTC,PBU_92,224,269,31,Feces,sample,16,3,Altromin,CTRL,altCT,16_altCT,0,7,3H8,C3,204
F8R45,TGAGCGGAAC,PBU_9,225,161,45,Feces,sample,8,4,Altromin,PFOS,altPF,8_altPF,1,3,3A9,C3,112
C21R10,TCGCAATTAC,PBU_21,226,370,10,Cecum,sample,21,1,AIN-93G,CTRL,ainCT,21_ainCT,1,11,3B9,C3,156.4
F16R23,AGCACGAATC,PBU_33,227,204,23,Feces,sample,16,2,AIN-93G,PFOS,ainPF,16_ainPF,0,5,3C9,C3,96.4
F21R35,TTAAGCGGTC,PBU_45,228,206,35,Feces,sample,21,3,Altromin,CTRL,altCT,21_altCT,1,5,3D9,C3,172.4
WTRX-2,TGGAGCTTCCTC,PBU_57,229,198,_ctrl,WTRX,negative,,_ctrl,,,_ctrl,_ctrl,,4,3.00E+09,C3,0.089
F16R11,TCTGGCAACGGC,PBU_69,230,283,11,Feces,sample,16,1,AIN-93G,CTRL,ainCT,16_ainCT,0,8,3F9,C3,36.8
F0R16,TGAGGCTCCGAC,PBU_81,231,162,16,Feces,sample,0,2,AIN-93G,PFOS,ainPF,0_ainPF,0,3,3G9,C3,88.4
F8R23,CTAACCACGGC,PBU_93,232,121,23,Feces,sample,8,2,AIN-93G,PFOS,ainPF,8_ainPF,1,1,3H9,C3,24.6
F21R47,CTGACCGAAC,PBU_10,233,276,47,Feces,sample,21,4,Altromin,PFOS,altPF,21_altPF,1,8,3A10,C3,82.4
C8R14,TTCGAGACGC,PBU_22,234,311,14,Cecum,sample,8,2,AIN-93G,PFOS,ainPF,8_ainPF,1,9,3B10,C3,73.2
MOCK-09,TTCAATTGGC,PBU_34,235,MOCK-09,_ctrl,MOCK,MOCK,,_ctrl,,,_ctrl,_ctrl,,,3C10,C3,0.089
F12R32,TAACAATCGGC,PBU_46,236,245,32,Feces,sample,12,3,Altromin,CTRL,altCT,12_altCT,0,6,3D10,C3,142.8
F8R38,TCAGTCCGAAC,PBU_58,237,123,38,Feces,sample,8,4,Altromin,PFOS,altPF,8_altPF,1,1,3.00E+10,C3,29.5
F8R11,TCCTAGAACAC,PBU_70,238,178,11,Feces,sample,8,1,AIN-93G,CTRL,ainCT,8_ainCT,1,4,3F10,C3,65.2
Il8R05,CGAAGGCCACAC,PBU_82,239,355,5,Ileum,sample,8,1,AIN-93G,CTRL,ainCT,8_ainCT,1,11,3G10,C3,36.6
F8R32,CGGAAGGATGC,PBU_94,240,107,32,Feces,sample,8,3,Altromin,CTRL,altCT,8_altCT,1,1,3H10,C3,27
F0R11,CTAAGGTAAC,PBU_1,241,110,11,Feces,sample,0,1,AIN-93G,CTRL,ainCT,0_ainCT,0,1,4A1,C4,22.7
MOCK-10,TCTAACGGAC,PBU_13,242,MOCK-10,_ctrl,MOCK,MOCK,,_ctrl,,,_ctrl,_ctrl,,,4B1,C4,0.089
F12R48,CCTGAGATAC,PBU_25,243,236,48,Feces,sample,12,4,Altromin,PFOS,altPF,12_altPF,0,6,4C1,C4,183.2
F12R46,CGATCGGTTC,PBU_37,244,298,46,Feces,sample,12,4,Altromin,PFOS,altPF,12_altPF,0,8,4D1,C4,240
F8R37,TTCTCATTGAAC,PBU_49,245,105,37,Feces,sample,8,4,Altromin,PFOS,altPF,8_altPF,1,1,4.00E+01,C4,22.6
Il8R02,TCCTAACATAAC,PBU_61,246,336,2,Ileum,sample,8,1,AIN-93G,CTRL,ainCT,8_ainCT,1,10,4F1,C4,9.18
F12R41,TCACTCGGATC,PBU_73,247,284,41,Feces,sample,12,4,Altromin,PFOS,altPF,12_altPF,0,8,4G1,C4,182.8
Il8R39,CAGCCAATTCTC,PBU_85,248,332,39,Ileum,sample,8,4,Altromin,PFOS,altPF,8_altPF,1,10,4H1,C4,5.2
F16R35,TAAGGAGAAC,PBU_2,249,226,35,Feces,sample,16,3,Altromin,CTRL,altCT,16_altCT,0,6,4A2,C4,168.8
F20R46,TTGGAGTGTC,PBU_14,250,257,46,Feces,sample,20,4,Altromin,PFOS,altPF,20_altPF,0,7,4B2,C4,232
F21R08,TTACAACCTC,PBU_26,251,289,8,Feces,sample,21,1,AIN-93G,CTRL,ainCT,21_ainCT,1,8,4C2,C4,42.4
Il8R40,TCAGGAATAC,PBU_38,252,386,40,Ileum,sample,8,4,Altromin,PFOS,altPF,8_altPF,1,12,4D2,C4,0.466
F20R08,TCGCATCGTTC,PBU_50,253,248,8,Feces,sample,20,1,AIN-93G,CTRL,ainCT,20_ainCT,0,6,4.00E+02,C4,83.6
F8R15,CGGACAATGGC,PBU_62,254,113,15,Feces,sample,8,2,AIN-93G,PFOS,ainPF,8_ainPF,1,1,4F2,C4,28.5
F8R30,TTCCTGCTTCAC,PBU_74,255,174,30,Feces,sample,8,3,Altromin,CTRL,altCT,8_altCT,1,4,4G2,C4,184.4
Il8R06,TCGAAGGCAGGC,PBU_86,256,309,6,Ileum,sample,8,1,AIN-93G,CTRL,ainCT,8_ainCT,1,9,4H2,C4,43.6
Il21R23,AAGAGGATTC,PBU_3,257,333,23,Ileum,sample,21,2,AIN-93G,PFOS,ainPF,21_ainPF,1,10,4A3,C4,17.5
F0R03,TCTAGAGGTC,PBU_15,258,196,3,Feces,sample,0,1,AIN-93G,CTRL,ainCT,0_ainCT,0,4,4B3,C4,65.6
C21R47,AACCATCCGC,PBU_27,259,394,47,Cecum,sample,21,4,Altromin,PFOS,altPF,21_altPF,1,12,4C3,C4,136
F12R34,CCTGGTTGTC,PBU_39,260,288,34,Feces,sample,12,3,Altromin,CTRL,altCT,12_altCT,0,8,4D3,C4,174
F0R31,TAAGCCATTGTC,PBU_51,261,168,31,Feces,sample,0,3,Altromin,CTRL,altCT,0_altCT,0,3,4.00E+03,C4,166
F20R22,TTGAGCCTATTC,PBU_63,262,224,22,Feces,sample,20,2,AIN-93G,PFOS,ainPF,20_ainPF,0,5,4F3,C4,50.8
F12R35,CCTTAGAGTTC,PBU_75,263,229,35,Feces,sample,12,3,Altromin,CTRL,altCT,12_altCT,0,6,4G3,C4,180.4
F0R22,CCTGCCATTCGC,PBU_87,264,176,22,Feces,sample,0,2,AIN-93G,PFOS,ainPF,0_ainPF,0,4,4H3,C4,83.6
WTRP-10,TACCAAGATC,PBU_4,265,WTRP-10,_ctrl,WTRP,negative,,_ctrl,,,_ctrl,_ctrl,,,4A4,C4,0.089
Il8R01,TCTGGATGAC,PBU_16,266,384,1,Ileum,sample,8,1,AIN-93G,CTRL,ainCT,8_ainCT,1,12,4B4,C4,1.19
F8R21,ATCCGGAATC,PBU_28,267,177,21,Feces,sample,8,2,AIN-93G,PFOS,ainPF,8_ainPF,1,4,4C4,C4,84
WTRP-11,TTGGCATCTC,PBU_40,268,WTRP-11,_ctrl,WTRP,negative,,_ctrl,,,_ctrl,_ctrl,,,4D4,C4,0.089
F8R33,AAGGAATCGTC,PBU_52,269,157,33,Feces,sample,8,3,Altromin,CTRL,altCT,8_altCT,1,3,4.00E+04,C4,120
F16R46,CCGCATGGAAC,PBU_64,270,234,46,Feces,sample,16,4,Altromin,PFOS,altPF,16_altPF,0,6,4F4,C4,193.2
F8R05,CTGAGTTCCGAC,PBU_76,271,173,5,Feces,sample,8,1,AIN-93G,CTRL,ainCT,8_ainCT,1,4,4G4,C4,44.8
WTRX-7,CTAGGACATTC,PBU_88,272,398,_ctrl,WTRX,negative,,_ctrl,,,_ctrl,_ctrl,,12,4H4,C4,0.089
F20R07,CAGAAGGAAC,PBU_5,273,215,7,Feces,sample,20,1,AIN-93G,CTRL,ainCT,20_ainCT,0,5,4A5,C4,85
F20R21,TCTATTCGTC,PBU_17,274,256,21,Feces,sample,20,2,AIN-93G,PFOS,ainPF,20_ainPF,0,7,4B5,C4,76
Il21R12,TCGACCACTC,PBU_29,275,389,12,Ileum,sample,21,1,AIN-93G,CTRL,ainCT,21_ainCT,1,12,4C5,C4,3.12
Il8R27,CTTCCATAAC,PBU_41,276,390,27,Ileum,sample,8,3,Altromin,CTRL,altCT,8_altCT,1,12,4D5,C4,2.46
F21R07,CTTGAGAATGTC,PBU_53,277,278,7,Feces,sample,21,1,AIN-93G,CTRL,ainCT,21_ainCT,1,8,4.00E+05,C4,63.2
F8R25,CTGGCAATCCTC,PBU_65,278,159,25,Feces,sample,8,3,Altromin,CTRL,altCT,8_altCT,1,3,4F5,C4,196.8
Il21R47,TCCTGGCACATC,PBU_77,279,350,47,Ileum,sample,21,4,Altromin,PFOS,altPF,21_altPF,1,11,4G5,C4,96.8
F0R10,CCAGCCTCAAC,PBU_89,280,192,10,Feces,sample,0,1,AIN-93G,CTRL,ainCT,0_ainCT,0,4,4H5,C4,86.8
F21R48,CTGCAAGTTC,PBU_6,281,237,48,Feces,sample,21,4,Altromin,PFOS,altPF,21_altPF,1,6,4A6,C4,115.2
F12R36,AGGCAATTGC,PBU_18,282,294,36,Feces,sample,12,3,Altromin,CTRL,altCT,12_altCT,0,8,4B6,C4,171.6
F20R41,CGAGGTTATC,PBU_30,283,244,41,Feces,sample,20,4,Altromin,PFOS,altPF,20_altPF,0,6,4C6,C4,136.8
C8R40,TTGGCTGGAC,PBU_42,284,305,40,Cecum,sample,8,4,Altromin,PFOS,altPF,8_altPF,1,9,4D6,C4,8.44
F21R32,TGGAGGACGGAC,PBU_54,285,213,32,Feces,sample,21,3,Altromin,CTRL,altCT,21_altCT,1,5,4.00E+06,C4,112
F8R01,CCGGAGAATCGC,PBU_66,286,128,1,Feces,sample,8,1,AIN-93G,CTRL,ainCT,8_ainCT,1,2,4F6,C4,26.5
C8R13,CCGCAATCATC,PBU_78,287,323,13,Cecum,sample,8,2,AIN-93G,PFOS,ainPF,8_ainPF,1,9,4G6,C4,58.2
C8R26,CTTGGTTATTC,PBU_90,288,351,26,Cecum,sample,8,3,Altromin,CTRL,altCT,8_altCT,1,11,4H6,C4,163.2
F20R42,TTCGTGATTC,PBU_7,289,203,42,Feces,sample,20,4,Altromin,PFOS,altPF,20_altPF,0,5,4A7,C4,140
F16R24,TTAGTCGGAC,PBU_19,290,249,24,Feces,sample,16,2,AIN-93G,PFOS,ainPF,16_ainPF,0,7,4B7,C4,93.6
C21R21,TCCAAGCTGC,PBU_31,291,366,21,Cecum,sample,21,2,AIN-93G,PFOS,ainPF,21_ainPF,1,11,4C7,C4,96.4
Il21R34,TCCGACAAGC,PBU_43,292,367,34,Ileum,sample,21,3,Altromin,CTRL,altCT,21_altCT,1,11,4D7,C4,3.72
F16R41,CTTGACACCGC,PBU_55,293,281,41,Feces,sample,16,4,Altromin,PFOS,altPF,16_altPF,0,8,4.00E+07,C4,105.6
F20R31,TCCACCTCCTC,PBU_67,294,209,31,Feces,sample,20,3,Altromin,CTRL,altCT,20_altCT,0,5,4F7,C4,134
F8R28,TTCCTACCAGTC,PBU_79,295,135,28,Feces,sample,8,3,Altromin,CTRL,altCT,8_altCT,1,2,4G7,C4,29
F16R09,CCGAACACTTC,PBU_91,296,260,9,Feces,sample,16,1,AIN-93G,CTRL,ainCT,16_ainCT,0,7,4H7,C4,106.4
F21R33,TTCCGATAAC,PBU_8,297,201,33,Feces,sample,21,3,Altromin,CTRL,altCT,21_altCT,1,5,4A8,C4,112
MOCK-11,CAGATCCATC,PBU_20,298,MOCK-11,_ctrl,MOCK,MOCK,,_ctrl,,,_ctrl,_ctrl,,,4B8,C4,0.089
F0R02,TCTTACACAC,PBU_32,299,138,2,Feces,sample,0,1,AIN-93G,CTRL,ainCT,0_ainCT,0,2,4C8,C4,55
WTRP-12,CGGACAGATC,PBU_44,300,WTRP-12,_ctrl,WTRP,negative,,_ctrl,,,_ctrl,_ctrl,,,4D8,C4,0.089
F0R32,TTGGAGGCCAGC,PBU_56,301,184,32,Feces,sample,0,3,Altromin,CTRL,altCT,0_altCT,0,4,4.00E+08,C4,177.2
C8R30,CAGCATTAATTC,PBU_68,302,385,30,Cecum,sample,8,3,Altromin,CTRL,altCT,8_altCT,1,12,4F8,C4,110
Il21R46,TCAAGAAGTTC,PBU_80,303,322,46,Ileum,sample,21,4,Altromin,PFOS,altPF,21_altPF,1,9,4G8,C4,51.8
F0R46,TCCTGAATCTC,PBU_92,304,146,46,Feces,sample,0,4,Altromin,PFOS,altPF,0_altPF,0,2,4H8,C4,56.4
F21R11,TGAGCGGAAC,PBU_9,305,217,11,Feces,sample,21,1,AIN-93G,CTRL,ainCT,21_ainCT,1,5,4A9,C4,25
F21R41,TCGCAATTAC,PBU_21,306,211,41,Feces,sample,21,4,Altromin,PFOS,altPF,21_altPF,1,5,4B9,C4,70.4
C8R18,AGCACGAATC,PBU_33,307,375,18,Cecum,sample,8,2,AIN-93G,PFOS,ainPF,8_ainPF,1,12,4C9,C4,37.8
F12R24,TTAAGCGGTC,PBU_45,308,264,24,Feces,sample,12,2,AIN-93G,PFOS,ainPF,12_ainPF,0,7,4D9,C4,46.4
C8R17,TGGAGCTTCCTC,PBU_57,309,318,17,Cecum,sample,8,2,AIN-93G,PFOS,ainPF,8_ainPF,1,9,4.00E+09,C4,26
MOCK-12,TCTGGCAACGGC,PBU_69,310,MOCK-12,_ctrl,MOCK,MOCK,,_ctrl,,,_ctrl,_ctrl,,,4F9,C4,0.089
F20R23,TGAGGCTCCGAC,PBU_81,311,205,23,Feces,sample,20,2,AIN-93G,PFOS,ainPF,20_ainPF,0,5,4G9,C4,74
F0R27,CTAACCACGGC,PBU_93,312,103,27,Feces,sample,0,3,Altromin,CTRL,altCT,0_altCT,0,1,4H9,C4,28.5
F8R03,CTGACCGAAC,PBU_10,313,132,3,Feces,sample,8,1,AIN-93G,CTRL,ainCT,8_ainCT,1,2,4A10,C4,14.2
F16R10,TTCGAGACGC,PBU_22,314,268,10,Feces,sample,16,1,AIN-93G,CTRL,ainCT,16_ainCT,0,7,4B10,C4,116.4
F8R08,TTCAATTGGC,PBU_34,315,112,8,Feces,sample,8,1,AIN-93G,CTRL,ainCT,8_ainCT,1,1,4C10,C4,87.4
Il21R19,TAACAATCGGC,PBU_46,316,353,19,Ileum,sample,21,2,AIN-93G,PFOS,ainPF,21_ainPF,1,11,4D10,C4,7.18
F12R12,TCAGTCCGAAC,PBU_58,317,208,12,Feces,sample,12,1,AIN-93G,CTRL,ainCT,12_ainCT,0,5,4.00E+10,C4,36.8
Il8R17,TCCTAGAACAC,PBU_70,318,316,17,Ileum,sample,8,2,AIN-93G,PFOS,ainPF,8_ainPF,1,9,4F10,C4,0.178
